produto,categoria,cliente,faturamento
Cadeira,Móveis,Agatha,4378.6
Cadeira,Móveis,Alana,7513.360000000001
Cadeira,Móveis,Alexandre,6837.26
Cadeira,Móveis,Alexia,4341.26
Cadeira,Móveis,Alice,16374.96
Cadeira,Móveis,Allana,8552.02
Cadeira,Móveis,Alícia,5397.889999999999
Cadeira,Móveis,Amanda,6079.6
Cadeira,Móveis,Ana Beatriz,4865.53
Cadeira,Móveis,Ana Carolina,8647.5
Cadeira,Móveis,Ana Cecília,6004.46
Cadeira,Móveis,Ana Clara,5123.799999999999
Cadeira,Móveis,Ana Julia,5003.25
Cadeira,Móveis,Ana Júlia,8060.52
Cadeira,Móveis,Ana Laura,651.52
Cadeira,Móveis,Ana Liz,3336.02
Cadeira,Móveis,Ana Luiza,6654.6
Cadeira,Móveis,Ana Lívia,8482.539999999999
Cadeira,Móveis,Ana Vitória,11376.59
Cadeira,Móveis,André,8082.25
Cadeira,Móveis,Anna Liz,3698.62
Cadeira,Móveis,Anthony,2097.48
Cadeira,Móveis,Antonella,2100.17
Cadeira,Móveis,Antony,2604.09
Cadeira,Móveis,Antônio,2579.04
Cadeira,Móveis,Apollo,4004.28
Cadeira,Móveis,Arthur,7342.92
Cadeira,Móveis,Arthur Gabriel,724.67
Cadeira,Móveis,Arthur Miguel,1893.81
Cadeira,Móveis,Asafe,10325.18
Cadeira,Móveis,Augusto,8697.05
Cadeira,Móveis,Aurora,10770.35
Cadeira,Móveis,Ayla,5749.17
Cadeira,Móveis,Aylla,11460.82
Cadeira,Móveis,Beatriz,1299.18
Cadeira,Móveis,Bella,13670.64
Cadeira,Móveis,Benicio,3459.75
Cadeira,Móveis,Benjamim,9207.01
Cadeira,Móveis,Benjamin,9424.94
Cadeira,Móveis,Bento,5615.17
Cadeira,Móveis,Benício,7405.610000000001
Cadeira,Móveis,Bernardo,2930.96
Cadeira,Móveis,Bianca,2881.67
Cadeira,Móveis,Brayan,9324.130000000001
Cadeira,Móveis,Brenda,5318.72
Cadeira,Móveis,Breno,11495.49
Cadeira,Móveis,Bruna,2598.44
Cadeira,Móveis,Bruno,7848.76
Cadeira,Móveis,Bryan,5058.6
Cadeira,Móveis,Bárbara,7564.82
Cadeira,Móveis,Caio,2747.45
Cadeira,Móveis,Calebe,7557.91
Cadeira,Móveis,Camila,3528.36
Cadeira,Móveis,Carlos Eduardo,2602.36
Cadeira,Móveis,Carolina,7907.13
Cadeira,Móveis,Caroline,7812.87
Cadeira,Móveis,Catarina,4693.53
Cadeira,Móveis,Cauã,644.68
Cadeira,Móveis,Cauê,10711.33
Cadeira,Móveis,Cecilia,5523.6
Cadeira,Móveis,Clara,682.1
Cadeira,Móveis,Clarice,4261.42
Cadeira,Móveis,Daniel,14903.91
Cadeira,Móveis,Daniela,2129.16
Cadeira,Móveis,Danilo,2089.2599999999998
Cadeira,Móveis,Dante,6487.3
Cadeira,Móveis,Davi,5430.23
Cadeira,Móveis,Davi Lucas,3253.56
Cadeira,Móveis,Davi Lucca,2896.6
Cadeira,Móveis,Davi Luiz,1528.86
Cadeira,Móveis,Davi Miguel,1438.16
Cadeira,Móveis,Diego,9016.55
Cadeira,Móveis,Diogo,4947.76
Cadeira,Móveis,Dom,6874.37
Cadeira,Móveis,Eduarda,5590.92
Cadeira,Móveis,Eduardo,3631.69
Cadeira,Móveis,Elisa,2916.52
Cadeira,Móveis,Eloah,3616.84
Cadeira,Móveis,Eloá,5048.469999999999
Cadeira,Móveis,Emanuel,6415.82
Cadeira,Móveis,Emanuella,10101.07
Cadeira,Móveis,Emanuelly,6445.83
Cadeira,Móveis,Emilly,4434.1
Cadeira,Móveis,Enzo,14617.58
Cadeira,Móveis,Enzo Gabriel,10706.44
Cadeira,Móveis,Erick,3278.33
Cadeira,Móveis,Ester,5282.3
Cadeira,Móveis,Esther,3277.55
Cadeira,Móveis,Evelyn,2914.99
Cadeira,Móveis,Felipe,665.52
Cadeira,Móveis,Fernando,4089.51
Cadeira,Móveis,Francisco,9273.3
Cadeira,Móveis,Gabriel,9985.41
Cadeira,Móveis,Gabriela,1464.12
Cadeira,Móveis,Gabrielly,3254.03
Cadeira,Móveis,Gael,2246.82
Cadeira,Móveis,Gael Henrique,2583.66
Cadeira,Móveis,Giovanna,7853.26
Cadeira,Móveis,Guilherme,4201.38
Cadeira,Móveis,Gustavo,2894.6
Cadeira,Móveis,Gustavo Henrique,6009.15
Cadeira,Móveis,Hadassa,11491.63
Cadeira,Móveis,Heitor,8036.21
Cadeira,Móveis,Helena,2943.46
Cadeira,Móveis,Hellena,6818.32
Cadeira,Móveis,Heloisa,12525.75
Cadeira,Móveis,Heloísa,3552.73
Cadeira,Móveis,Henrique,10450.2
Cadeira,Móveis,Henry Gabriel,4783.55
Cadeira,Móveis,Ian,10650.67
Cadeira,Móveis,Igor,4463.39
Cadeira,Móveis,Isaac,3683.25
Cadeira,Móveis,Isabel,1522.02
Cadeira,Móveis,Isabela,8511.259999999998
Cadeira,Móveis,Isabella,4700.05
Cadeira,Móveis,Isabelly,7826.27
Cadeira,Móveis,Isadora,4639.57
Cadeira,Móveis,Isaque,2888.38
Cadeira,Móveis,Isis,2799.34
Cadeira,Móveis,Jade,2897.8
Cadeira,Móveis,Joana,4305.9400000000005
Cadeira,Móveis,Joaquim,4197.01
Cadeira,Móveis,Josué,5521.75
Cadeira,Móveis,José,7029.56
Cadeira,Móveis,José Miguel,4473.5
Cadeira,Móveis,José Pedro,10587.04
Cadeira,Móveis,João,2180.9700000000003
Cadeira,Móveis,João Felipe,7167.33
Cadeira,Móveis,João Gabriel,4316.9400000000005
Cadeira,Móveis,João Guilherme,6407.61
Cadeira,Móveis,João Lucas,5530.68
Cadeira,Móveis,João Miguel,6356.599999999999
Cadeira,Móveis,João Pedro,5780.639999999999
Cadeira,Móveis,João Vitor,3686.55
Cadeira,Móveis,Juan,9771.199999999999
Cadeira,Móveis,Juliana,2960.5600000000004
Cadeira,Móveis,Júlia,12705.63
Cadeira,Móveis,Kaique,2274.04
Cadeira,Móveis,Kamilly,1399.42
Cadeira,Móveis,Kevin,1466.74
Cadeira,Móveis,Lara,11092.560000000001
Cadeira,Móveis,Larissa,2827.04
Cadeira,Móveis,Laura,17069.34
Cadeira,Móveis,Lavínia,3009.08
Cadeira,Móveis,Laís,5536.32
Cadeira,Móveis,Leandro,7573.1900000000005
Cadeira,Móveis,Leonardo,5567.8
Cadeira,Móveis,Letícia,13728.68
Cadeira,Móveis,Levi,14413.45
Cadeira,Móveis,Liam,13709.380000000001
Cadeira,Móveis,Liz,5776.0
Cadeira,Móveis,Lorena,12784.31
Cadeira,Móveis,Lorenzo,6355.05
Cadeira,Móveis,Luan,11203.449999999999
Cadeira,Móveis,Luana,5566.2
Cadeira,Móveis,Luara,9180.18
Cadeira,Móveis,Lucas,11702.45
Cadeira,Móveis,Lucas Gabriel,4749.03
Cadeira,Móveis,Lucca,3762.58
Cadeira,Móveis,Luigi,8492.74
Cadeira,Móveis,Luiz Felipe,4948.34
Cadeira,Móveis,Luiz Fernando,7748.59
Cadeira,Móveis,Luiz Gustavo,2830.68
Cadeira,Móveis,Luiz Henrique,1343.46
Cadeira,Móveis,Luiz Miguel,5481.5199999999995
Cadeira,Móveis,Luiz Otávio,2653.76
Cadeira,Móveis,Luiza,4155.93
Cadeira,Móveis,Luna,1490.66
Cadeira,Móveis,Lunna,2883.8199999999997
Cadeira,Móveis,Luísa,4374.0
Cadeira,Móveis,Léo,8528.48
Cadeira,Móveis,Lívia,7375.679999999999
Cadeira,Móveis,Maitê,2577.0
Cadeira,Móveis,Manuela,13026.92
Cadeira,Móveis,Manuella,3560.06
Cadeira,Móveis,Marcela,5460.96
Cadeira,Móveis,Marcelo,3305.64
Cadeira,Móveis,Marcos Vinicius,8619.04
Cadeira,Móveis,Maria,2785.54
Cadeira,Móveis,Maria Alice,3480.3
Cadeira,Móveis,Maria Cecília,652.11
Cadeira,Móveis,Maria Clara,4028.6800000000003
Cadeira,Móveis,Maria Eduarda,5804.719999999999
Cadeira,Móveis,Maria Fernanda,8097.45
Cadeira,Móveis,Maria Flor,4111.4400000000005
Cadeira,Móveis,Maria Helena,736.42
Cadeira,Móveis,Maria Isis,4152.57
Cadeira,Móveis,Maria Liz,7994.15
Cadeira,Móveis,Maria Luiza,15901.619999999999
Cadeira,Móveis,Maria Luísa,9472.19
Cadeira,Móveis,Maria Sophia,9424.26
Cadeira,Móveis,Maria Vitória,2998.7200000000003
Cadeira,Móveis,Mariah,1517.04
Cadeira,Móveis,Mariane,9043.82
Cadeira,Móveis,Marina,9031.2
Cadeira,Móveis,Mateus,8384.62
Cadeira,Móveis,Matheus,4956.360000000001
Cadeira,Móveis,Mathias,2873.77
Cadeira,Móveis,Matteo,6378.620000000001
Cadeira,Móveis,Maya,12692.74
Cadeira,Móveis,Maysa,6744.860000000001
Cadeira,Móveis,Melina,4888.66
Cadeira,Móveis,Melissa,3610.19
Cadeira,Móveis,Miguel,3699.14
Cadeira,Móveis,Milena,1473.32
Cadeira,Móveis,Mirella,9148.53
Cadeira,Móveis,Murilo,3801.0600000000004
Cadeira,Móveis,Nathan,7424.79
Cadeira,Móveis,Natália,7001.63
Cadeira,Móveis,Nicolas,6190.639999999999
Cadeira,Móveis,Nicole,5597.48
Cadeira,Móveis,Nina,2842.14
Cadeira,Móveis,Noah,9805.98
Cadeira,Móveis,Oliver,4660.75
Cadeira,Móveis,Olivia,7085.46
Cadeira,Móveis,Olívia,10184.369999999999
Cadeira,Móveis,Otto,5411.3099999999995
Cadeira,Móveis,Otávio,3807.1800000000003
Cadeira,Móveis,Paulo,9666.32
Cadeira,Móveis,Pedro,6566.45
Cadeira,Móveis,Pedro Henrique,12432.2
Cadeira,Móveis,Pedro Lucas,5328.950000000001
Cadeira,Móveis,Pedro Miguel,7090.2
Cadeira,Móveis,Pietra,6612.68
Cadeira,Móveis,Pietro,2258.1000000000004
Cadeira,Móveis,Rael,9279.29
Cadeira,Móveis,Rafael,4692.25
Cadeira,Móveis,Rafaela,4649.22
Cadeira,Móveis,Raquel,9389.93
Cadeira,Móveis,Raul,5511.620000000001
Cadeira,Móveis,Ravi,10212.7
Cadeira,Móveis,Ravi Lucca,3567.2200000000003
Cadeira,Móveis,Ravy,5503.61
Cadeira,Móveis,Rebeca,8511.9
Cadeira,Móveis,Renan,7297.15
Cadeira,Móveis,Rhavi,8835.56
Cadeira,Móveis,Rodrigo,3474.63
Cadeira,Móveis,Ryan,3289.33
Cadeira,Móveis,Sabrina,6618.59
Cadeira,Móveis,Samuel,6505.65
Cadeira,Móveis,Sara,4204.18
Cadeira,Móveis,Sarah,8245.68
Cadeira,Móveis,Sofia,4246.639999999999
Cadeira,Móveis,Sophia,1337.02
Cadeira,Móveis,Sophie,3426.63
Cadeira,Móveis,Stella,5668.96
Cadeira,Móveis,Stephany,5320.41
Cadeira,Móveis,Thales,8144.22
Cadeira,Móveis,Theo,5407.900000000001
Cadeira,Móveis,Theodoro,7834.0
Cadeira,Móveis,Thiago,5042.57
Cadeira,Móveis,Thomas,9018.33
Cadeira,Móveis,Théo,4217.950000000001
Cadeira,Móveis,Valentim,1429.62
Cadeira,Móveis,Valentina,5709.1
Cadeira,Móveis,Vicente,5950.8099999999995
Cadeira,Móveis,Vinicius,9807.029999999999
Cadeira,Móveis,Vinícius,10360.3
Cadeira,Móveis,Vitor,7408.040000000001
Cadeira,Móveis,Vitor Gabriel,12633.84
Cadeira,Móveis,Vitor Hugo,3260.04
Cadeira,Móveis,Vitória,2579.04
Cadeira,Móveis,Yago,4651.01
Cadeira,Móveis,Yan,4996.23
Cadeira,Móveis,Yasmin,2825.65
Cadeira,Móveis,Yuri,13006.89
Cadeira,Móveis,Zoe,6749.3099999999995
Cadeira,Móveis,Ágatha,1950.12
Cadeira,Móveis,Ísis,14061.73
Fone,Eletrônicos,Agatha,6018.13
Fone,Eletrônicos,Alana,2057.6099999999997
Fone,Eletrônicos,Alexandre,2734.97
Fone,Eletrônicos,Alexia,2990.7400000000002
Fone,Eletrônicos,Alice,1618.0700000000002
Fone,Eletrônicos,Allana,2000.33
Fone,Eletrônicos,Alícia,2666.52
Fone,Eletrônicos,Amanda,1646.27
Fone,Eletrônicos,Ana,1903.52
Fone,Eletrônicos,Ana Carolina,418.0
Fone,Eletrônicos,Ana Cecília,793.92
Fone,Eletrônicos,Ana Clara,1917.0099999999998
Fone,Eletrônicos,Ana Julia,1870.66
Fone,Eletrônicos,Ana Júlia,3253.94
Fone,Eletrônicos,Ana Laura,1459.24
Fone,Eletrônicos,Ana Liz,2260.21
Fone,Eletrônicos,Ana Luiza,2723.59
Fone,Eletrônicos,Ana Lívia,806.05
Fone,Eletrônicos,Ana Sophia,2009.97
Fone,Eletrônicos,Ana Vitória,424.98
Fone,Eletrônicos,André,409.28
Fone,Eletrônicos,Anna Liz,1236.24
Fone,Eletrônicos,Anthony,2336.55
Fone,Eletrônicos,Anthony Gabriel,1249.05
Fone,Eletrônicos,Antonella,3506.91
Fone,Eletrônicos,Antony,2527.84
Fone,Eletrônicos,Antônio,5235.29
Fone,Eletrônicos,Apollo,1931.3899999999999
Fone,Eletrônicos,Arthur,2962.3
Fone,Eletrônicos,Arthur Gabriel,2009.9299999999998
Fone,Eletrônicos,Arthur Miguel,2249.46
Fone,Eletrônicos,Asafe,2394.0699999999997
Fone,Eletrônicos,Augusto,1375.8
Fone,Eletrônicos,Aurora,1588.4
Fone,Eletrônicos,Ayla,1833.8000000000002
Fone,Eletrônicos,Aylla,2136.2599999999998
Fone,Eletrônicos,Beatriz,1842.54
Fone,Eletrônicos,Bella,1703.64
Fone,Eletrônicos,Benicio,755.27
Fone,Eletrônicos,Benjamim,3725.3399999999997
Fone,Eletrônicos,Benjamin,1791.83
Fone,Eletrônicos,Bento,1666.7900000000002
Fone,Eletrônicos,Benício,1814.2400000000002
Fone,Eletrônicos,Bernardo,1016.39
Fone,Eletrônicos,Bianca,2693.26
Fone,Eletrônicos,Brayan,1877.56
Fone,Eletrônicos,Brenda,1701.8400000000001
Fone,Eletrônicos,Breno,1911.53
Fone,Eletrônicos,Bruna,1110.8200000000002
Fone,Eletrônicos,Bruno,2892.19
Fone,Eletrônicos,Bryan,373.66
Fone,Eletrônicos,Bárbara,2351.55
Fone,Eletrônicos,Caio,3245.59
Fone,Eletrônicos,Caleb,2221.74
Fone,Eletrônicos,Calebe,4110.35
Fone,Eletrônicos,Camila,216.2
Fone,Eletrônicos,Carlos Eduardo,618.5699999999999
Fone,Eletrônicos,Carolina,2361.59
Fone,Eletrônicos,Caroline,3090.14
Fone,Eletrônicos,Catarina,1532.1599999999999
Fone,Eletrônicos,Cauã,1648.73
Fone,Eletrônicos,Cauê,595.71
Fone,Eletrônicos,Cecilia,209.08
Fone,Eletrônicos,Cecília,577.9000000000001
Fone,Eletrônicos,Clara,2407.17
Fone,Eletrônicos,Clarice,1720.72
Fone,Eletrônicos,Daniela,1341.5
Fone,Eletrônicos,Danilo,939.27
Fone,Eletrônicos,Dante,1480.6299999999999
Fone,Eletrônicos,Davi,4226.650000000001
Fone,Eletrônicos,Davi Lucca,2389.35
Fone,Eletrônicos,Davi Miguel,2270.1099999999997
Fone,Eletrônicos,Diego,801.96
Fone,Eletrônicos,Diogo,577.96
Fone,Eletrônicos,Dom,208.92
Fone,Eletrônicos,Eduarda,2716.36
Fone,Eletrônicos,Eduardo,1406.96
Fone,Eletrônicos,Elisa,1118.31
Fone,Eletrônicos,Eloah,2756.0
Fone,Eletrônicos,Eloá,852.1800000000001
Fone,Eletrônicos,Emanuel,3380.92
Fone,Eletrônicos,Emanuella,2615.0
Fone,Eletrônicos,Emanuelly,361.0
Fone,Eletrônicos,Emilly,1116.08
Fone,Eletrônicos,Enrico,2502.87
Fone,Eletrônicos,Enzo,4655.17
Fone,Eletrônicos,Enzo Gabriel,1049.53
Fone,Eletrônicos,Erick,1812.6
Fone,Eletrônicos,Ester,1307.31
Fone,Eletrônicos,Esther,863.44
Fone,Eletrônicos,Evelyn,1616.45
Fone,Eletrônicos,Fernanda,1212.2199999999998
Fone,Eletrônicos,Fernando,742.0
Fone,Eletrônicos,Francisco,1208.7
Fone,Eletrônicos,Gabriel,2283.9300000000003
Fone,Eletrônicos,Gabriela,1477.6599999999999
Fone,Eletrônicos,Gabrielly,187.41
Fone,Eletrônicos,Gael,549.09
Fone,Eletrônicos,Gael Henrique,5770.44
Fone,Eletrônicos,Giovanna,5338.48
Fone,Eletrônicos,Guilherme,379.40999999999997
Fone,Eletrônicos,Gustavo,3369.7
Fone,Eletrônicos,Gustavo Henrique,806.25
Fone,Eletrônicos,Hadassa,1942.4599999999998
Fone,Eletrônicos,Heitor,1029.84
Fone,Eletrônicos,Helena,1046.3400000000001
Fone,Eletrônicos,Hellena,2756.44
Fone,Eletrônicos,Heloisa,2006.28
Fone,Eletrônicos,Heloísa,1154.63
Fone,Eletrônicos,Henrique,649.2
Fone,Eletrônicos,Henry,1408.94
Fone,Eletrônicos,Henry Gabriel,364.96
Fone,Eletrônicos,Ian,3537.38
Fone,Eletrônicos,Igor,853.44
Fone,Eletrônicos,Isaac,1828.28
Fone,Eletrônicos,Isabel,425.94
Fone,Eletrônicos,Isabela,3145.56
Fone,Eletrônicos,Isabella,1590.45
Fone,Eletrônicos,Isabelly,569.0699999999999
Fone,Eletrônicos,Isadora,623.74
Fone,Eletrônicos,Isaque,808.4900000000001
Fone,Eletrônicos,Isis,753.82
Fone,Eletrônicos,Jade,2438.12
Fone,Eletrônicos,Joana,600.75
Fone,Eletrônicos,Joaquim,369.76
Fone,Eletrônicos,Josué,1706.82
Fone,Eletrônicos,José,1585.8
Fone,Eletrônicos,José Miguel,619.6500000000001
Fone,Eletrônicos,José Pedro,4514.28
Fone,Eletrônicos,João,1155.1399999999999
Fone,Eletrônicos,João Felipe,3323.67
Fone,Eletrônicos,João Gabriel,3241.78
Fone,Eletrônicos,João Guilherme,2406.5
Fone,Eletrônicos,João Lucas,3561.21
Fone,Eletrônicos,João Miguel,2318.78
Fone,Eletrônicos,João Pedro,216.9
Fone,Eletrônicos,João Vitor,1778.8500000000001
Fone,Eletrônicos,Juan,2979.98
Fone,Eletrônicos,Julia,2047.58
Fone,Eletrônicos,Juliana,1414.1399999999999
Fone,Eletrônicos,Júlia,1847.13
Fone,Eletrônicos,Kaique,792.1199999999999
Fone,Eletrônicos,Kamilly,1856.7
Fone,Eletrônicos,Kevin,2685.98
Fone,Eletrônicos,Lara,1813.06
Fone,Eletrônicos,Larissa,1553.03
Fone,Eletrônicos,Laura,1579.85
Fone,Eletrônicos,Lavínia,181.27
Fone,Eletrônicos,Laís,834.88
Fone,Eletrônicos,Leandro,1030.06
Fone,Eletrônicos,Leonardo,3862.6
Fone,Eletrônicos,Letícia,2475.49
Fone,Eletrônicos,Levi,2267.99
Fone,Eletrônicos,Liam,2486.2000000000003
Fone,Eletrônicos,Liz,603.84
Fone,Eletrônicos,Lorena,1174.94
Fone,Eletrônicos,Lorenzo,2638.51
Fone,Eletrônicos,Luan,1559.92
Fone,Eletrônicos,Luana,3393.81
Fone,Eletrônicos,Luara,1553.3600000000001
Fone,Eletrônicos,Lucas,1559.06
Fone,Eletrônicos,Lucas Gabriel,1380.73
Fone,Eletrônicos,Lucca,1584.0
Fone,Eletrônicos,Luigi,910.5999999999999
Fone,Eletrônicos,Luiz Felipe,3282.69
Fone,Eletrônicos,Luiz Fernando,1159.06
Fone,Eletrônicos,Luiz Gustavo,190.25
Fone,Eletrônicos,Luiz Henrique,4649.83
Fone,Eletrônicos,Luiz Miguel,560.38
Fone,Eletrônicos,Luiz Otávio,598.54
Fone,Eletrônicos,Luiza,1612.04
Fone,Eletrônicos,Luna,1981.6399999999999
Fone,Eletrônicos,Lunna,2056.73
Fone,Eletrônicos,Luísa,593.8499999999999
Fone,Eletrônicos,Léo,630.1
Fone,Eletrônicos,Lívia,1027.04
Fone,Eletrônicos,Maitê,2093.49
Fone,Eletrônicos,Manuela,2655.3
Fone,Eletrônicos,Manuella,1035.8
Fone,Eletrônicos,Marcela,1892.67
Fone,Eletrônicos,Marcelo,834.48
Fone,Eletrônicos,Marcos Vinicius,1381.7
Fone,Eletrônicos,Maria,1720.6699999999998
Fone,Eletrônicos,Maria Alice,1807.01
Fone,Eletrônicos,Maria Cecília,1048.91
Fone,Eletrônicos,Maria Clara,997.8499999999999
Fone,Eletrônicos,Maria Eduarda,1520.0
Fone,Eletrônicos,Maria Fernanda,3855.69
Fone,Eletrônicos,Maria Flor,610.98
Fone,Eletrônicos,Maria Helena,849.92
Fone,Eletrônicos,Maria Isis,2309.17
Fone,Eletrônicos,Maria Julia,3066.82
Fone,Eletrônicos,Maria Júlia,1189.8
Fone,Eletrônicos,Maria Laura,437.72
Fone,Eletrônicos,Maria Liz,1788.25
Fone,Eletrônicos,Maria Luiza,3256.77
Fone,Eletrônicos,Maria Luísa,1469.6
Fone,Eletrônicos,Maria Sophia,2197.6
Fone,Eletrônicos,Maria Vitória,1809.27
Fone,Eletrônicos,Mariah,769.4
Fone,Eletrônicos,Mariana,2409.58
Fone,Eletrônicos,Mariane,1731.57
Fone,Eletrônicos,Marina,876.56
Fone,Eletrônicos,Mateus,399.8
Fone,Eletrônicos,Matheus,2584.82
Fone,Eletrônicos,Mathias,1812.54
Fone,Eletrônicos,Matteo,1028.45
Fone,Eletrônicos,Maya,419.06
Fone,Eletrônicos,Maysa,2358.94
Fone,Eletrônicos,Melina,3561.31
Fone,Eletrônicos,Melissa,2355.9300000000003
Fone,Eletrônicos,Miguel,2840.89
Fone,Eletrônicos,Milena,3052.0
Fone,Eletrônicos,Mirella,954.04
Fone,Eletrônicos,Murilo,2610.5600000000004
Fone,Eletrônicos,Nathan,1332.72
Fone,Eletrônicos,Natália,213.21
Fone,Eletrônicos,Nicolas,596.04
Fone,Eletrônicos,Nicole,541.41
Fone,Eletrônicos,Nina,1861.8
Fone,Eletrônicos,Noah,2084.58
Fone,Eletrônicos,Oliver,1469.78
Fone,Eletrônicos,Olivia,2391.48
Fone,Eletrônicos,Olívia,1802.76
Fone,Eletrônicos,Otto,4553.129999999999
Fone,Eletrônicos,Otávio,1061.28
Fone,Eletrônicos,Paulo,1178.16
Fone,Eletrônicos,Pedro,2339.73
Fone,Eletrônicos,Pedro Henrique,3564.55
Fone,Eletrônicos,Pedro Lucas,1416.44
Fone,Eletrônicos,Pedro Miguel,360.22
Fone,Eletrônicos,Pietra,2167.95
Fone,Eletrônicos,Pietro,956.3
Fone,Eletrônicos,Rael,188.29
Fone,Eletrônicos,Rafaela,1440.31
Fone,Eletrônicos,Raquel,985.7
Fone,Eletrônicos,Raul,1480.25
Fone,Eletrônicos,Ravi,3406.94
Fone,Eletrônicos,Ravy,845.06
Fone,Eletrônicos,Rebeca,754.78
Fone,Eletrônicos,Renan,1670.48
Fone,Eletrônicos,Rhavi,779.56
Fone,Eletrônicos,Rodrigo,1172.5900000000001
Fone,Eletrônicos,Ryan,959.9000000000001
Fone,Eletrônicos,Sabrina,2841.29
Fone,Eletrônicos,Samuel,1636.87
Fone,Eletrônicos,Sara,2116.75
Fone,Eletrônicos,Sarah,1997.43
Fone,Eletrônicos,Sofia,1215.54
Fone,Eletrônicos,Sophia,3312.7
Fone,Eletrônicos,Sophie,1585.44
Fone,Eletrônicos,Stella,2837.42
Fone,Eletrônicos,Stephany,387.84
Fone,Eletrônicos,Thales,1170.77
Fone,Eletrônicos,Theo,2293.57
Fone,Eletrônicos,Theodoro,1048.2
Fone,Eletrônicos,Thiago,3765.27
Fone,Eletrônicos,Thomas,3046.06
Fone,Eletrônicos,Théo,1249.4
Fone,Eletrônicos,Valentim,1756.1799999999998
Fone,Eletrônicos,Valentina,2262.19
Fone,Eletrônicos,Vicente,1256.55
Fone,Eletrônicos,Vinicius,981.66
Fone,Eletrônicos,Vinícius,614.37
Fone,Eletrônicos,Vitor,218.9
Fone,Eletrônicos,Vitor Gabriel,1007.88
Fone,Eletrônicos,Vitor Hugo,2933.98
Fone,Eletrônicos,Vitória,596.8199999999999
Fone,Eletrônicos,Yago,1850.77
Fone,Eletrônicos,Yan,2825.43
Fone,Eletrônicos,Yasmin,1075.8400000000001
Fone,Eletrônicos,Yuri,1969.81
Fone,Eletrônicos,Zoe,3548.31
Fone,Eletrônicos,Ágatha,4685.46
Fone,Eletrônicos,Ísis,3599.6
Livro Python,Livros,Agatha,366.68
Livro Python,Livros,Alana,3042.75
Livro Python,Livros,Alexandre,1544.44
Livro Python,Livros,Alexia,811.42
Livro Python,Livros,Alice,746.0
Livro Python,Livros,Allana,2243.65
Livro Python,Livros,Alícia,703.12
Livro Python,Livros,Amanda,2412.28
Livro Python,Livros,Ana,1310.42
Livro Python,Livros,Ana Beatriz,1068.51
Livro Python,Livros,Ana Carolina,1234.99
Livro Python,Livros,Ana Cecília,1021.0
Livro Python,Livros,Ana Clara,696.04
Livro Python,Livros,Ana Julia,1147.17
Livro Python,Livros,Ana Júlia,333.24
Livro Python,Livros,Ana Laura,1227.7
Livro Python,Livros,Ana Liz,1083.8200000000002
Livro Python,Livros,Ana Luiza,792.1700000000001
Livro Python,Livros,Ana Lívia,1517.6299999999999
Livro Python,Livros,Ana Sophia,1671.04
Livro Python,Livros,Ana Vitória,1095.1799999999998
Livro Python,Livros,André,787.29
Livro Python,Livros,Anna Liz,730.5
Livro Python,Livros,Anthony,505.08
Livro Python,Livros,Anthony Gabriel,1319.05
Livro Python,Livros,Antonella,1276.87
Livro Python,Livros,Antony,395.40000000000003
Livro Python,Livros,Antônio,1234.14
Livro Python,Livros,Apollo,242.42
Livro Python,Livros,Arthur,1352.05
Livro Python,Livros,Arthur Gabriel,109.93
Livro Python,Livros,Arthur Miguel,773.47
Livro Python,Livros,Asafe,1812.9
Livro Python,Livros,Augusto,1408.34
Livro Python,Livros,Aurora,661.62
Livro Python,Livros,Ayla,468.24
Livro Python,Livros,Aylla,365.52
Livro Python,Livros,Beatriz,723.05
Livro Python,Livros,Bella,2300.7799999999997
Livro Python,Livros,Benicio,1095.53
Livro Python,Livros,Benjamim,1420.21
Livro Python,Livros,Benjamin,823.04
Livro Python,Livros,Bento,242.14
Livro Python,Livros,Benício,1649.92
Livro Python,Livros,Bernardo,959.61
Livro Python,Livros,Bianca,349.82
Livro Python,Livros,Brayan,799.12
Livro Python,Livros,Brenda,1063.0
Livro Python,Livros,Breno,2438.22
Livro Python,Livros,Bruna,1506.56
Livro Python,Livros,Bruno,897.1899999999999
Livro Python,Livros,Bryan,1433.6
Livro Python,Livros,Bárbara,1402.22
Livro Python,Livros,Caio,755.2
Livro Python,Livros,Caleb,1148.4
Livro Python,Livros,Calebe,971.6199999999999
Livro Python,Livros,Camila,1095.31
Livro Python,Livros,Carlos Eduardo,1100.99
Livro Python,Livros,Carolina,246.4
Livro Python,Livros,Caroline,496.38
Livro Python,Livros,Cauã,1307.85
Livro Python,Livros,Cauê,117.75
Livro Python,Livros,Cecilia,1551.0900000000001
Livro Python,Livros,Cecília,1892.27
Livro Python,Livros,Clara,751.8799999999999
Livro Python,Livros,Clarice,449.0
Livro Python,Livros,Daniel,751.98
Livro Python,Livros,Daniela,926.03
Livro Python,Livros,Danilo,1086.8600000000001
Livro Python,Livros,Dante,1110.46
Livro Python,Livros,Davi,859.38
Livro Python,Livros,Davi Lucas,677.01
Livro Python,Livros,Davi Lucca,877.9300000000001
Livro Python,Livros,Davi Luiz,507.0
Livro Python,Livros,Davi Miguel,2215.0
Livro Python,Livros,Diego,1761.95
Livro Python,Livros,Diogo,1601.57
Livro Python,Livros,Eduarda,1002.44
Livro Python,Livros,Eduardo,720.53
Livro Python,Livros,Elisa,254.92
Livro Python,Livros,Eloah,478.36
Livro Python,Livros,Eloá,1335.08
Livro Python,Livros,Emanuel,2063.0
Livro Python,Livros,Emanuella,232.04
Livro Python,Livros,Emanuelly,487.01000000000005
Livro Python,Livros,Emilly,386.40000000000003
Livro Python,Livros,Enrico,1171.38
Livro Python,Livros,Enzo,457.49
Livro Python,Livros,Enzo Gabriel,1925.9299999999998
Livro Python,Livros,Erick,612.78
Livro Python,Livros,Ester,1192.33
Livro Python,Livros,Esther,2929.56
Livro Python,Livros,Felipe,947.64
Livro Python,Livros,Fernanda,917.41
Livro Python,Livros,Fernando,493.1
Livro Python,Livros,Francisco,730.12
Livro Python,Livros,Gabriel,1573.72
Livro Python,Livros,Gabriela,1509.22
Livro Python,Livros,Gabrielly,482.62
Livro Python,Livros,Gael,454.08
Livro Python,Livros,Gael Henrique,928.9
Livro Python,Livros,Giovanna,475.23
Livro Python,Livros,Guilherme,1856.74
Livro Python,Livros,Gustavo,117.09
Livro Python,Livros,Gustavo Henrique,610.24
Livro Python,Livros,Hadassa,1311.63
Livro Python,Livros,Heitor,701.9200000000001
Livro Python,Livros,Helena,1443.05
Livro Python,Livros,Hellena,1590.08
Livro Python,Livros,Heloisa,969.1199999999999
Livro Python,Livros,Heloísa,1128.13
Livro Python,Livros,Henrique,231.0
Livro Python,Livros,Henry Gabriel,1568.1599999999999
Livro Python,Livros,Ian,1767.45
Livro Python,Livros,Igor,733.1800000000001
Livro Python,Livros,Isaac,1142.71
Livro Python,Livros,Isabel,2047.85
Livro Python,Livros,Isabela,1827.04
Livro Python,Livros,Isabella,1187.87
Livro Python,Livros,Isabelly,616.6
Livro Python,Livros,Isadora,1268.55
Livro Python,Livros,Isaque,604.89
Livro Python,Livros,Isis,1119.93
Livro Python,Livros,Jade,880.86
Livro Python,Livros,Joana,1325.15
Livro Python,Livros,Joaquim,602.4100000000001
Livro Python,Livros,Josué,483.86
Livro Python,Livros,José,2251.4
Livro Python,Livros,José Miguel,1266.87
Livro Python,Livros,José Pedro,353.49
Livro Python,Livros,João,635.87
Livro Python,Livros,João Felipe,1210.98
Livro Python,Livros,João Gabriel,518.04
Livro Python,Livros,João Guilherme,1212.1599999999999
Livro Python,Livros,João Lucas,1071.8
Livro Python,Livros,João Miguel,2400.32
Livro Python,Livros,João Pedro,1259.5700000000002
Livro Python,Livros,Juan,719.22
Livro Python,Livros,Julia,1253.94
Livro Python,Livros,Juliana,254.66
Livro Python,Livros,Júlia,1311.33
Livro Python,Livros,Kaique,1223.4
Livro Python,Livros,Kamilly,695.02
Livro Python,Livros,Kevin,2233.34
Livro Python,Livros,Lara,1427.66
Livro Python,Livros,Larissa,963.61
Livro Python,Livros,Laura,2406.5
Livro Python,Livros,Lavínia,348.12
Livro Python,Livros,Laís,713.3900000000001
Livro Python,Livros,Leandro,1603.98
Livro Python,Livros,Leonardo,636.44
Livro Python,Livros,Letícia,521.96
Livro Python,Livros,Levi,1282.45
Livro Python,Livros,Liam,615.55
Livro Python,Livros,Liz,978.0799999999999
Livro Python,Livros,Lorena,1550.2
Livro Python,Livros,Lorenzo,956.86
Livro Python,Livros,Luan,800.47
Livro Python,Livros,Luana,1766.81
Livro Python,Livros,Luara,1690.8899999999999
Livro Python,Livros,Lucas Gabriel,241.19
Livro Python,Livros,Lucca,2053.33
Livro Python,Livros,Luigi,1697.22
Livro Python,Livros,Luiz Felipe,502.88
Livro Python,Livros,Luiz Fernando,512.12
Livro Python,Livros,Luiz Gustavo,1543.79
Livro Python,Livros,Luiz Henrique,948.72
Livro Python,Livros,Luiz Miguel,1234.44
Livro Python,Livros,Luiz Otávio,1449.27
Livro Python,Livros,Luna,118.57
Livro Python,Livros,Lunna,665.12
Livro Python,Livros,Luísa,1894.98
Livro Python,Livros,Léo,970.7
Livro Python,Livros,Lívia,2038.8400000000001
Livro Python,Livros,Maitê,933.88
Livro Python,Livros,Manuela,1107.11
Livro Python,Livros,Marcela,707.7
Livro Python,Livros,Marcelo,355.98
Livro Python,Livros,Marcos Vinicius,1307.16
Livro Python,Livros,Maria,1963.45
Livro Python,Livros,Maria Alice,3373.31
Livro Python,Livros,Maria Cecília,710.02
Livro Python,Livros,Maria Clara,1861.54
Livro Python,Livros,Maria Eduarda,464.71000000000004
Livro Python,Livros,Maria Fernanda,483.6
Livro Python,Livros,Maria Flor,1568.2
Livro Python,Livros,Maria Helena,580.61
Livro Python,Livros,Maria Isis,841.61
Livro Python,Livros,Maria Julia,640.52
Livro Python,Livros,Maria Júlia,357.78
Livro Python,Livros,Maria Laura,506.19
Livro Python,Livros,Maria Liz,1480.94
Livro Python,Livros,Maria Luiza,781.76
Livro Python,Livros,Maria Luísa,628.76
Livro Python,Livros,Maria Sophia,912.6899999999999
Livro Python,Livros,Maria Vitória,1080.03
Livro Python,Livros,Mariah,568.87
Livro Python,Livros,Mariana,722.22
Livro Python,Livros,Mariane,1349.53
Livro Python,Livros,Marina,819.47
Livro Python,Livros,Mateus,120.07
Livro Python,Livros,Matheus,357.6
Livro Python,Livros,Mathias,1090.34
Livro Python,Livros,Matteo,910.64
Livro Python,Livros,Maya,1066.72
Livro Python,Livros,Maysa,1478.21
Livro Python,Livros,Melina,934.01
Livro Python,Livros,Melissa,122.07
Livro Python,Livros,Miguel,953.4100000000001
Livro Python,Livros,Milena,1352.05
Livro Python,Livros,Mirella,1066.9
Livro Python,Livros,Murilo,478.88
Livro Python,Livros,Nathan,1189.93
Livro Python,Livros,Natália,1071.62
Livro Python,Livros,Nicolas,1628.38
Livro Python,Livros,Nicole,732.27
Livro Python,Livros,Nina,1370.76
Livro Python,Livros,Noah,2144.54
Livro Python,Livros,Oliver,714.3199999999999
Livro Python,Livros,Olivia,1105.25
Livro Python,Livros,Olívia,872.56
Livro Python,Livros,Otto,1271.6399999999999
Livro Python,Livros,Otávio,2042.38
Livro Python,Livros,Paulo,1753.81
Livro Python,Livros,Pedro,739.62
Livro Python,Livros,Pedro Henrique,923.87
Livro Python,Livros,Pedro Lucas,741.98
Livro Python,Livros,Pedro Miguel,1150.98
Livro Python,Livros,Pietra,1474.41
Livro Python,Livros,Pietro,1491.05
Livro Python,Livros,Rael,710.8
Livro Python,Livros,Rafael,1129.38
Livro Python,Livros,Rafaela,362.13
Livro Python,Livros,Raquel,2011.07
Livro Python,Livros,Raul,1345.23
Livro Python,Livros,Ravi,2095.05
Livro Python,Livros,Ravi Lucca,1214.3899999999999
Livro Python,Livros,Ravy,1133.79
Livro Python,Livros,Rebeca,379.48
Livro Python,Livros,Renan,682.04
Livro Python,Livros,Rhavi,1354.76
Livro Python,Livros,Rodrigo,1337.44
Livro Python,Livros,Ryan,839.8900000000001
Livro Python,Livros,Sabrina,1100.19
Livro Python,Livros,Samuel,1670.56
Livro Python,Livros,Sara,3096.07
Livro Python,Livros,Sarah,1845.85
Livro Python,Livros,Sofia,462.65999999999997
Livro Python,Livros,Sophia,374.53
Livro Python,Livros,Sophie,1028.8000000000002
Livro Python,Livros,Stella,464.82
Livro Python,Livros,Stephany,1280.15
Livro Python,Livros,Thales,1894.35
Livro Python,Livros,Theo,1025.92
Livro Python,Livros,Theodoro,794.84
Livro Python,Livros,Thiago,933.1700000000001
Livro Python,Livros,Thomas,718.5799999999999
Livro Python,Livros,Théo,710.28
Livro Python,Livros,Valentim,125.62
Livro Python,Livros,Valentina,837.27
Livro Python,Livros,Vicente,1983.57
Livro Python,Livros,Vinicius,969.68
Livro Python,Livros,Vinícius,1317.16
Livro Python,Livros,Vitor,377.13
Livro Python,Livros,Vitor Gabriel,1821.45
Livro Python,Livros,Vitor Hugo,962.78
Livro Python,Livros,Vitória,951.4
Livro Python,Livros,Yago,830.1
Livro Python,Livros,Yan,978.1
Livro Python,Livros,Yasmin,1392.29
Livro Python,Livros,Yuri,1609.3600000000001
Livro Python,Livros,Zoe,2032.4
Livro Python,Livros,Ágatha,806.9399999999999
Livro Python,Livros,Ísis,1403.1
Livro SQL,Livros,Agatha,1254.28
Livro SQL,Livros,Alana,492.71000000000004
Livro SQL,Livros,Alexandre,805.18
Livro SQL,Livros,Alexia,301.67
Livro SQL,Livros,Alice,1169.73
Livro SQL,Livros,Allana,1146.47
Livro SQL,Livros,Alícia,614.86
Livro SQL,Livros,Amanda,1956.47
Livro SQL,Livros,Ana,1114.58
Livro SQL,Livros,Ana Beatriz,776.8399999999999
Livro SQL,Livros,Ana Cecília,574.3399999999999
Livro SQL,Livros,Ana Clara,558.42
Livro SQL,Livros,Ana Julia,199.94
Livro SQL,Livros,Ana Júlia,917.06
Livro SQL,Livros,Ana Laura,428.69
Livro SQL,Livros,Ana Liz,861.04
Livro SQL,Livros,Ana Luiza,315.96
Livro SQL,Livros,Ana Lívia,184.52
Livro SQL,Livros,Ana Sophia,197.31
Livro SQL,Livros,Ana Vitória,1517.82
Livro SQL,Livros,André,1090.56
Livro SQL,Livros,Anna Liz,3073.3
Livro SQL,Livros,Anthony,1511.45
Livro SQL,Livros,Antonella,736.98
Livro SQL,Livros,Antony,1595.6599999999999
Livro SQL,Livros,Apollo,1283.38
Livro SQL,Livros,Arthur,495.83
Livro SQL,Livros,Arthur Gabriel,1442.25
Livro SQL,Livros,Arthur Miguel,426.46000000000004
Livro SQL,Livros,Asafe,211.5
Livro SQL,Livros,Augusto,886.86
Livro SQL,Livros,Aurora,489.9
Livro SQL,Livros,Ayla,1541.67
Livro SQL,Livros,Aylla,723.05
Livro SQL,Livros,Beatriz,726.77
Livro SQL,Livros,Bella,406.84
Livro SQL,Livros,Benicio,1293.1
Livro SQL,Livros,Benjamim,1504.12
Livro SQL,Livros,Benjamin,1559.1100000000001
Livro SQL,Livros,Bento,1570.3600000000001
Livro SQL,Livros,Benício,1081.82
Livro SQL,Livros,Bernardo,628.91
Livro SQL,Livros,Bianca,670.22
Livro SQL,Livros,Brayan,534.64
Livro SQL,Livros,Brenda,513.75
Livro SQL,Livros,Breno,620.4
Livro SQL,Livros,Bruna,388.28
Livro SQL,Livros,Bruno,1111.67
Livro SQL,Livros,Bryan,990.99
Livro SQL,Livros,Bárbara,1547.08
Livro SQL,Livros,Caio,676.52
Livro SQL,Livros,Caleb,97.56
Livro SQL,Livros,Calebe,1620.44
Livro SQL,Livros,Camila,1997.15
Livro SQL,Livros,Carlos Eduardo,1392.9
Livro SQL,Livros,Carolina,902.29
Livro SQL,Livros,Caroline,818.78
Livro SQL,Livros,Catarina,1954.8899999999999
Livro SQL,Livros,Cauã,1238.95
Livro SQL,Livros,Cauê,1992.28
Livro SQL,Livros,Cecilia,1131.17
Livro SQL,Livros,Cecília,688.96
Livro SQL,Livros,Clara,922.53
Livro SQL,Livros,Clarice,782.12
Livro SQL,Livros,Daniel,880.63
Livro SQL,Livros,Daniela,1675.71
Livro SQL,Livros,Danilo,1327.14
Livro SQL,Livros,Dante,818.7
Livro SQL,Livros,Davi,399.30999999999995
Livro SQL,Livros,Davi Lucas,684.35
Livro SQL,Livros,Davi Lucca,1544.19
Livro SQL,Livros,Davi Luiz,1504.6299999999999
Livro SQL,Livros,Davi Miguel,640.02
Livro SQL,Livros,Diego,1593.17
Livro SQL,Livros,Diogo,2547.95
Livro SQL,Livros,Dom,2081.05
Livro SQL,Livros,Eduarda,609.51
Livro SQL,Livros,Eduardo,594.81
Livro SQL,Livros,Elisa,704.02
Livro SQL,Livros,Eloah,2024.74
Livro SQL,Livros,Eloá,1100.79
Livro SQL,Livros,Emanuel,701.5
Livro SQL,Livros,Emanuella,393.08
Livro SQL,Livros,Emanuelly,1595.8000000000002
Livro SQL,Livros,Emilly,1553.22
Livro SQL,Livros,Enrico,1485.51
Livro SQL,Livros,Enzo,1138.3899999999999
Livro SQL,Livros,Enzo Gabriel,305.64
Livro SQL,Livros,Erick,568.78
Livro SQL,Livros,Ester,424.56
Livro SQL,Livros,Esther,517.48
Livro SQL,Livros,Evelyn,1001.99
Livro SQL,Livros,Felipe,702.96
Livro SQL,Livros,Fernanda,2005.6399999999999
Livro SQL,Livros,Fernando,686.8199999999999
Livro SQL,Livros,Francisco,511.44
Livro SQL,Livros,Gabriel,664.92
Livro SQL,Livros,Gabrielly,1031.62
Livro SQL,Livros,Gael,724.69
Livro SQL,Livros,Gael Henrique,2034.97
Livro SQL,Livros,Giovanna,775.77
Livro SQL,Livros,Guilherme,425.09000000000003
Livro SQL,Livros,Gustavo,881.3199999999999
Livro SQL,Livros,Gustavo Henrique,916.13
Livro SQL,Livros,Hadassa,1873.48
Livro SQL,Livros,Heitor,2316.0
Livro SQL,Livros,Helena,1583.26
Livro SQL,Livros,Hellena,1532.3700000000001
Livro SQL,Livros,Heloisa,727.22
Livro SQL,Livros,Heloísa,1644.85
Livro SQL,Livros,Henrique,1940.7
Livro SQL,Livros,Henry,1092.04
Livro SQL,Livros,Henry Gabriel,894.51
Livro SQL,Livros,Ian,493.72
Livro SQL,Livros,Igor,1285.8
Livro SQL,Livros,Isaac,893.22
Livro SQL,Livros,Isabel,1278.69
Livro SQL,Livros,Isabela,1378.51
Livro SQL,Livros,Isabella,781.5799999999999
Livro SQL,Livros,Isabelly,1321.45
Livro SQL,Livros,Isadora,543.47
Livro SQL,Livros,Isaque,486.14
Livro SQL,Livros,Isis,469.19000000000005
Livro SQL,Livros,Jade,1823.6100000000001
Livro SQL,Livros,Joana,988.09
Livro SQL,Livros,Joaquim,558.14
Livro SQL,Livros,Josué,957.6400000000001
Livro SQL,Livros,José,995.58
Livro SQL,Livros,José Miguel,807.3199999999999
Livro SQL,Livros,José Pedro,213.28
Livro SQL,Livros,João,626.04
Livro SQL,Livros,João Felipe,1042.56
Livro SQL,Livros,João Gabriel,386.24
Livro SQL,Livros,João Guilherme,304.02
Livro SQL,Livros,João Lucas,425.55
Livro SQL,Livros,João Miguel,1528.3600000000001
Livro SQL,Livros,João Pedro,374.56
Livro SQL,Livros,João Vitor,2185.52
Livro SQL,Livros,Juan,933.6399999999999
Livro SQL,Livros,Julia,1159.77
Livro SQL,Livros,Juliana,645.22
Livro SQL,Livros,Júlia,1221.2800000000002
Livro SQL,Livros,Kaique,403.56
Livro SQL,Livros,Kamilly,962.5
Livro SQL,Livros,Kevin,96.27
Livro SQL,Livros,Lara,1159.44
Livro SQL,Livros,Larissa,1019.5500000000001
Livro SQL,Livros,Laura,365.0
Livro SQL,Livros,Lavínia,700.77
Livro SQL,Livros,Laís,1720.71
Livro SQL,Livros,Leandro,629.62
Livro SQL,Livros,Leonardo,295.87
Livro SQL,Livros,Letícia,198.21
Livro SQL,Livros,Levi,510.16
Livro SQL,Livros,Liam,908.55
Livro SQL,Livros,Liz,386.99
Livro SQL,Livros,Lorena,855.48
Livro SQL,Livros,Lorenzo,845.4
Livro SQL,Livros,Luan,1214.35
Livro SQL,Livros,Luana,798.67
Livro SQL,Livros,Luara,965.35
Livro SQL,Livros,Lucas,286.38
Livro SQL,Livros,Lucas Gabriel,215.98
Livro SQL,Livros,Lucca,1575.6399999999999
Livro SQL,Livros,Luigi,395.4
Livro SQL,Livros,Luiz Felipe,407.35
Livro SQL,Livros,Luiz Fernando,1399.3799999999999
Livro SQL,Livros,Luiz Gustavo,431.36
Livro SQL,Livros,Luiz Miguel,617.17
Livro SQL,Livros,Luiz Otávio,105.02
Livro SQL,Livros,Luiza,317.7
Livro SQL,Livros,Luna,1537.21
Livro SQL,Livros,Lunna,1231.81
Livro SQL,Livros,Luísa,820.52
Livro SQL,Livros,Léo,402.59
Livro SQL,Livros,Lívia,430.74999999999994
Livro SQL,Livros,Maitê,885.1899999999999
Livro SQL,Livros,Manuela,869.99
Livro SQL,Livros,Manuella,671.21
Livro SQL,Livros,Marcela,1198.5900000000001
Livro SQL,Livros,Marcelo,397.31
Livro SQL,Livros,Marcos Vinicius,1378.4
Livro SQL,Livros,Maria,415.87
Livro SQL,Livros,Maria Alice,498.79
Livro SQL,Livros,Maria Cecília,904.61
Livro SQL,Livros,Maria Clara,672.01
Livro SQL,Livros,Maria Eduarda,1377.92
Livro SQL,Livros,Maria Fernanda,997.1800000000001
Livro SQL,Livros,Maria Flor,461.11
Livro SQL,Livros,Maria Helena,679.87
Livro SQL,Livros,Maria Isis,415.58
Livro SQL,Livros,Maria Julia,985.9
Livro SQL,Livros,Maria Júlia,1702.9099999999999
Livro SQL,Livros,Maria Laura,1660.8700000000001
Livro SQL,Livros,Maria Liz,696.8399999999999
Livro SQL,Livros,Maria Luiza,707.16
Livro SQL,Livros,Maria Luísa,1667.2
Livro SQL,Livros,Maria Sophia,861.4499999999999
Livro SQL,Livros,Maria Vitória,1608.48
Livro SQL,Livros,Mariah,94.28
Livro SQL,Livros,Mariana,276.21
Livro SQL,Livros,Marina,686.04
Livro SQL,Livros,Mateus,905.46
Livro SQL,Livros,Matheus,951.47
Livro SQL,Livros,Mathias,684.02
Livro SQL,Livros,Matteo,291.48
Livro SQL,Livros,Maysa,968.21
Livro SQL,Livros,Melina,108.89
Livro SQL,Livros,Melissa,1126.5
Livro SQL,Livros,Miguel,641.4000000000001
Livro SQL,Livros,Milena,1122.71
Livro SQL,Livros,Mirella,91.84
Livro SQL,Livros,Murilo,1172.36
Livro SQL,Livros,Nathan,309.24
Livro SQL,Livros,Natália,1030.1399999999999
Livro SQL,Livros,Nicolas,1113.02
Livro SQL,Livros,Nicole,582.9100000000001
Livro SQL,Livros,Nina,91.4
Livro SQL,Livros,Noah,96.69
Livro SQL,Livros,Oliver,514.89
Livro SQL,Livros,Olivia,710.41
Livro SQL,Livros,Olívia,189.92
Livro SQL,Livros,Otto,1699.15
Livro SQL,Livros,Otávio,507.59
Livro SQL,Livros,Paulo,905.89
Livro SQL,Livros,Pedro,499.9
Livro SQL,Livros,Pedro Henrique,846.79
Livro SQL,Livros,Pedro Lucas,968.5
Livro SQL,Livros,Pedro Miguel,575.33
Livro SQL,Livros,Pietra,380.28000000000003
Livro SQL,Livros,Pietro,406.86
Livro SQL,Livros,Rael,1386.42
Livro SQL,Livros,Rafael,863.8900000000001
Livro SQL,Livros,Rafaela,869.96
Livro SQL,Livros,Raquel,377.23
Livro SQL,Livros,Raul,1750.94
Livro SQL,Livros,Ravi,1016.39
Livro SQL,Livros,Ravi Lucca,591.06
Livro SQL,Livros,Ravy,203.0
Livro SQL,Livros,Rebeca,1787.79
Livro SQL,Livros,Renan,822.61
Livro SQL,Livros,Rhavi,1193.3899999999999
Livro SQL,Livros,Rodrigo,1179.41
Livro SQL,Livros,Ryan,581.22
Livro SQL,Livros,Sabrina,508.98
Livro SQL,Livros,Samuel,192.46
Livro SQL,Livros,Sara,976.62
Livro SQL,Livros,Sarah,368.56
Livro SQL,Livros,Sofia,494.0
Livro SQL,Livros,Sophia,1116.3400000000001
Livro SQL,Livros,Sophie,383.46000000000004
Livro SQL,Livros,Stella,1927.19
Livro SQL,Livros,Stephany,1138.15
Livro SQL,Livros,Thales,854.66
Livro SQL,Livros,Theo,2030.22
Livro SQL,Livros,Theodoro,385.56
Livro SQL,Livros,Thiago,958.8599999999999
Livro SQL,Livros,Thomas,578.42
Livro SQL,Livros,Théo,731.02
Livro SQL,Livros,Valentim,200.1
Livro SQL,Livros,Valentina,1554.4299999999998
Livro SQL,Livros,Vicente,396.58
Livro SQL,Livros,Vinicius,91.99
Livro SQL,Livros,Vinícius,392.58000000000004
Livro SQL,Livros,Vitor,1133.6100000000001
Livro SQL,Livros,Vitor Gabriel,189.0
Livro SQL,Livros,Vitor Hugo,900.11
Livro SQL,Livros,Vitória,1502.04
Livro SQL,Livros,Yago,695.17
Livro SQL,Livros,Yan,1523.32
Livro SQL,Livros,Yasmin,288.71999999999997
Livro SQL,Livros,Yuri,316.95000000000005
Livro SQL,Livros,Zoe,677.27
Livro SQL,Livros,Ágatha,1302.9
Livro SQL,Livros,Ísis,801.19
Mesa,Móveis,Agatha,18377.079999999998
Mesa,Móveis,Alana,2312.66
Mesa,Móveis,Alexandre,17956.199999999997
Mesa,Móveis,Alexia,13022.58
Mesa,Móveis,Alice,7188.139999999999
Mesa,Móveis,Allana,20629.55
Mesa,Móveis,Alícia,2215.94
Mesa,Móveis,Amanda,22596.48
Mesa,Móveis,Ana,3720.06
Mesa,Móveis,Ana Beatriz,10390.4
Mesa,Móveis,Ana Carolina,12457.25
Mesa,Móveis,Ana Cecília,10639.93
Mesa,Móveis,Ana Clara,14939.990000000002
Mesa,Móveis,Ana Julia,14462.75
Mesa,Móveis,Ana Júlia,7816.06
Mesa,Móveis,Ana Laura,11308.529999999999
Mesa,Móveis,Ana Liz,8237.95
Mesa,Móveis,Ana Luiza,11685.869999999999
Mesa,Móveis,Ana Sophia,14364.96
Mesa,Móveis,Ana Vitória,12071.37
Mesa,Móveis,André,7501.34
Mesa,Móveis,Anna Liz,13002.67
Mesa,Móveis,Anthony,13271.38
Mesa,Móveis,Anthony Gabriel,10557.33
Mesa,Móveis,Antonella,8580.6
Mesa,Móveis,Antony,4615.4
Mesa,Móveis,Antônio,10569.62
Mesa,Móveis,Apollo,3474.85
Mesa,Móveis,Arthur,9832.279999999999
Mesa,Móveis,Arthur Gabriel,4649.92
Mesa,Móveis,Arthur Miguel,8436.33
Mesa,Móveis,Asafe,17657.16
Mesa,Móveis,Augusto,5781.13
Mesa,Móveis,Aurora,25716.39
Mesa,Móveis,Ayla,15278.46
Mesa,Móveis,Aylla,22548.83
Mesa,Móveis,Beatriz,8683.43
Mesa,Móveis,Bella,7071.120000000001
Mesa,Móveis,Benicio,15354.51
Mesa,Móveis,Benjamim,9290.68
Mesa,Móveis,Benjamin,6843.16
Mesa,Móveis,Bento,16948.02
Mesa,Móveis,Benício,22525.71
Mesa,Móveis,Bernardo,7400.200000000001
Mesa,Móveis,Bianca,27505.86
Mesa,Móveis,Brayan,12260.34
Mesa,Móveis,Brenda,4920.33
Mesa,Móveis,Breno,11404.25
Mesa,Móveis,Bruna,8844.07
Mesa,Móveis,Bruno,2539.33
Mesa,Móveis,Bryan,4884.44
Mesa,Móveis,Bárbara,8599.23
Mesa,Móveis,Caio,15333.439999999999
Mesa,Móveis,Caleb,18079.059999999998
Mesa,Móveis,Calebe,5909.8
Mesa,Móveis,Camila,13688.52
Mesa,Móveis,Carlos Eduardo,15936.78
Mesa,Móveis,Carolina,7015.69
Mesa,Móveis,Caroline,21977.730000000003
Mesa,Móveis,Catarina,11935.42
Mesa,Móveis,Cauã,11555.42
Mesa,Móveis,Cauê,16399.0
Mesa,Móveis,Cecilia,4857.47
Mesa,Móveis,Cecília,14017.779999999999
Mesa,Móveis,Clara,2228.34
Mesa,Móveis,Clarice,17939.54
Mesa,Móveis,Daniel,10902.35
Mesa,Móveis,Daniela,20283.33
Mesa,Móveis,Danilo,5768.59
Mesa,Móveis,Dante,16557.47
Mesa,Móveis,Davi,8214.41
Mesa,Móveis,Davi Lucas,20371.97
Mesa,Móveis,Davi Lucca,18207.76
Mesa,Móveis,Davi Luiz,8012.15
Mesa,Móveis,Davi Miguel,15970.82
Mesa,Móveis,Diego,7495.0
Mesa,Móveis,Diogo,17433.69
Mesa,Móveis,Dom,8680.54
Mesa,Móveis,Eduarda,12105.75
Mesa,Móveis,Eduardo,7567.710000000001
Mesa,Móveis,Elisa,5777.17
Mesa,Móveis,Eloah,8335.91
Mesa,Móveis,Eloá,7429.0599999999995
Mesa,Móveis,Emanuel,2163.56
Mesa,Móveis,Emanuella,15122.79
Mesa,Móveis,Emanuelly,3777.1800000000003
Mesa,Móveis,Emilly,1184.52
Mesa,Móveis,Enrico,7051.06
Mesa,Móveis,Enzo,31813.16
Mesa,Móveis,Enzo Gabriel,2231.9
Mesa,Móveis,Erick,13199.89
Mesa,Móveis,Ester,8687.42
Mesa,Móveis,Esther,9431.44
Mesa,Móveis,Evelyn,27696.67
Mesa,Móveis,Felipe,2478.8
Mesa,Móveis,Fernanda,11134.2
Mesa,Móveis,Fernando,10482.59
Mesa,Móveis,Francisco,12839.76
Mesa,Móveis,Gabriela,16936.35
Mesa,Móveis,Gabrielly,6809.34
Mesa,Móveis,Gael,3631.21
Mesa,Móveis,Gael Henrique,10797.88
Mesa,Móveis,Giovanna,9933.77
Mesa,Móveis,Guilherme,1258.45
Mesa,Móveis,Gustavo,11277.119999999999
Mesa,Móveis,Gustavo Henrique,12910.9
Mesa,Móveis,Hadassa,8409.14
Mesa,Móveis,Helena,3386.5499999999997
Mesa,Móveis,Hellena,15761.279999999999
Mesa,Móveis,Heloisa,15126.55
Mesa,Móveis,Heloísa,17989.11
Mesa,Móveis,Henrique,16090.58
Mesa,Móveis,Henry,6938.43
Mesa,Móveis,Henry Gabriel,17323.34
Mesa,Móveis,Ian,18542.13
Mesa,Móveis,Igor,16813.4
Mesa,Móveis,Isaac,6372.34
Mesa,Móveis,Isabel,3676.1099999999997
Mesa,Móveis,Isabela,11257.75
Mesa,Móveis,Isabella,2620.66
Mesa,Móveis,Isabelly,14878.61
Mesa,Móveis,Isadora,1157.82
Mesa,Móveis,Isaque,5900.790000000001
Mesa,Móveis,Isis,16830.0
Mesa,Móveis,Jade,16942.25
Mesa,Móveis,Joana,10355.91
Mesa,Móveis,Josué,19102.56
Mesa,Móveis,José,6081.450000000001
Mesa,Móveis,José Miguel,14831.85
Mesa,Móveis,José Pedro,6694.349999999999
Mesa,Móveis,João,2272.36
Mesa,Móveis,João Felipe,17176.72
Mesa,Móveis,João Gabriel,18133.11
Mesa,Móveis,João Guilherme,13474.5
Mesa,Móveis,João Lucas,7385.34
Mesa,Móveis,João Miguel,9181.060000000001
Mesa,Móveis,João Pedro,9720.880000000001
Mesa,Móveis,João Vitor,5953.48
Mesa,Móveis,Julia,2553.62
Mesa,Móveis,Juliana,6885.820000000001
Mesa,Móveis,Júlia,9011.9
Mesa,Móveis,Kaique,12688.16
Mesa,Móveis,Kamilly,13073.02
Mesa,Móveis,Kevin,7830.7
Mesa,Móveis,Lara,4459.200000000001
Mesa,Móveis,Laura,6756.54
Mesa,Móveis,Lavínia,9594.890000000001
Mesa,Móveis,Laís,10618.26
Mesa,Móveis,Leandro,10998.62
Mesa,Móveis,Leonardo,2288.7799999999997
Mesa,Móveis,Letícia,2331.7799999999997
Mesa,Móveis,Levi,5855.01
Mesa,Móveis,Liam,2360.7
Mesa,Móveis,Liz,14194.31
Mesa,Móveis,Lorena,20403.73
Mesa,Móveis,Lorenzo,2376.02
Mesa,Móveis,Luan,8248.55
Mesa,Móveis,Luana,9323.55
Mesa,Móveis,Luara,7047.469999999999
Mesa,Móveis,Lucas,10262.71
Mesa,Móveis,Lucas Gabriel,12630.95
Mesa,Móveis,Lucca,11058.119999999999
Mesa,Móveis,Luigi,30466.41
Mesa,Móveis,Luiz Felipe,21607.7
Mesa,Móveis,Luiz Fernando,7400.67
Mesa,Móveis,Luiz Gustavo,6094.41
Mesa,Móveis,Luiz Henrique,4979.28
Mesa,Móveis,Luiz Miguel,11240.050000000001
Mesa,Móveis,Luiz Otávio,16809.57
Mesa,Móveis,Luiza,7276.58
Mesa,Móveis,Luna,9921.16
Mesa,Móveis,Lunna,12916.86
Mesa,Móveis,Luísa,17972.760000000002
Mesa,Móveis,Léo,16864.98
Mesa,Móveis,Lívia,6028.339999999999
Mesa,Móveis,Maitê,2467.7
Mesa,Móveis,Manuela,7151.16
Mesa,Móveis,Manuella,4881.6
Mesa,Móveis,Marcela,9633.66
Mesa,Móveis,Marcelo,12724.970000000001
Mesa,Móveis,Marcos Vinicius,3808.7699999999995
Mesa,Móveis,Maria,8158.549999999999
Mesa,Móveis,Maria Alice,17060.85
Mesa,Móveis,Maria Cecília,25892.75
Mesa,Móveis,Maria Clara,10532.43
Mesa,Móveis,Maria Eduarda,10702.77
Mesa,Móveis,Maria Flor,6185.73
Mesa,Móveis,Maria Helena,1081.05
Mesa,Móveis,Maria Isis,25546.2
Mesa,Móveis,Maria Julia,5661.55
Mesa,Móveis,Maria Júlia,3328.59
Mesa,Móveis,Maria Laura,16759.79
Mesa,Móveis,Maria Liz,4916.1900000000005
Mesa,Móveis,Maria Luiza,2268.63
Mesa,Móveis,Maria Luísa,5863.86
Mesa,Móveis,Maria Sophia,14641.52
Mesa,Móveis,Maria Vitória,1288.31
Mesa,Móveis,Mariah,15748.650000000001
Mesa,Móveis,Mariana,14445.52
Mesa,Móveis,Mariane,2442.0
Mesa,Móveis,Marina,23251.489999999998
Mesa,Móveis,Mateus,9714.89
Mesa,Móveis,Matheus,16038.029999999999
Mesa,Móveis,Mathias,12094.14
Mesa,Móveis,Matteo,5908.72
Mesa,Móveis,Maya,9799.16
Mesa,Móveis,Maysa,18019.9
Mesa,Móveis,Melina,9645.84
Mesa,Móveis,Melissa,15920.21
Mesa,Móveis,Miguel,2566.66
Mesa,Móveis,Milena,11240.84
Mesa,Móveis,Mirella,21833.8
Mesa,Móveis,Murilo,10942.380000000001
Mesa,Móveis,Nathan,7587.6
Mesa,Móveis,Natália,28153.120000000003
Mesa,Móveis,Nicole,10527.25
Mesa,Móveis,Nina,19659.38
Mesa,Móveis,Noah,27134.800000000003
Mesa,Móveis,Oliver,6560.98
Mesa,Móveis,Olivia,13081.39
Mesa,Móveis,Olívia,21680.36
Mesa,Móveis,Otto,17068.46
Mesa,Móveis,Otávio,16914.68
Mesa,Móveis,Paulo,28003.34
Mesa,Móveis,Pedro,8397.8
Mesa,Móveis,Pedro Henrique,27542.88
Mesa,Móveis,Pedro Lucas,18638.51
Mesa,Móveis,Pedro Miguel,6003.85
Mesa,Móveis,Pietra,10990.550000000001
Mesa,Móveis,Pietro,9929.130000000001
Mesa,Móveis,Rael,9748.599999999999
Mesa,Móveis,Rafael,4675.06
Mesa,Móveis,Rafaela,10619.89
Mesa,Móveis,Raquel,11138.22
Mesa,Móveis,Raul,11297.24
Mesa,Móveis,Ravi,9086.759999999998
Mesa,Móveis,Ravi Lucca,3403.1099999999997
Mesa,Móveis,Ravy,27203.96
Mesa,Móveis,Rebeca,7269.17
Mesa,Móveis,Renan,16467.67
Mesa,Móveis,Rhavi,14429.529999999999
Mesa,Móveis,Rodrigo,13682.869999999999
Mesa,Móveis,Ryan,1246.14
Mesa,Móveis,Sabrina,15988.06
Mesa,Móveis,Samuel,13038.57
Mesa,Móveis,Sara,6961.6
Mesa,Móveis,Sarah,19106.45
Mesa,Móveis,Sofia,18069.72
Mesa,Móveis,Sophia,14931.42
Mesa,Móveis,Sophie,13566.81
Mesa,Móveis,Stella,14509.939999999999
Mesa,Móveis,Stephany,9785.64
Mesa,Móveis,Theo,12026.63
Mesa,Móveis,Theodoro,18767.739999999998
Mesa,Móveis,Thiago,13540.329999999998
Mesa,Móveis,Thomas,8384.69
Mesa,Móveis,Théo,13241.62
Mesa,Móveis,Valentim,15318.17
Mesa,Móveis,Valentina,23023.730000000003
Mesa,Móveis,Vicente,12325.33
Mesa,Móveis,Vinicius,3401.5600000000004
Mesa,Móveis,Vinícius,6267.92
Mesa,Móveis,Vitor,3551.45
Mesa,Móveis,Vitor Gabriel,16521.079999999998
Mesa,Móveis,Vitor Hugo,10503.57
Mesa,Móveis,Vitória,12033.1
Mesa,Móveis,Yago,15141.56
Mesa,Móveis,Yan,2225.1
Mesa,Móveis,Yasmin,1123.42
Mesa,Móveis,Yuri,7202.62
Mesa,Móveis,Zoe,13642.46
Mesa,Móveis,Ágatha,8516.99
Mesa,Móveis,Ísis,1319.43
Mochila,Acessórios,Agatha,1603.35
Mochila,Acessórios,Alana,373.18
Mochila,Acessórios,Alexandre,2052.05
Mochila,Acessórios,Alexia,665.21
Mochila,Acessórios,Alice,1120.76
Mochila,Acessórios,Allana,916.4300000000001
Mochila,Acessórios,Alícia,1443.3000000000002
Mochila,Acessórios,Amanda,555.55
Mochila,Acessórios,Ana,3582.9700000000003
Mochila,Acessórios,Ana Beatriz,2021.37
Mochila,Acessórios,Ana Carolina,2541.82
Mochila,Acessórios,Ana Cecília,1511.24
Mochila,Acessórios,Ana Clara,3100.1
Mochila,Acessórios,Ana Julia,1002.46
Mochila,Acessórios,Ana Júlia,2857.33
Mochila,Acessórios,Ana Laura,2089.94
Mochila,Acessórios,Ana Liz,717.36
Mochila,Acessórios,Ana Luiza,2248.9300000000003
Mochila,Acessórios,Ana Lívia,1274.38
Mochila,Acessórios,Ana Sophia,897.57
Mochila,Acessórios,Ana Vitória,1920.6100000000001
Mochila,Acessórios,André,1921.26
Mochila,Acessórios,Anna Liz,4192.9
Mochila,Acessórios,Anthony,1998.75
Mochila,Acessórios,Anthony Gabriel,2037.26
Mochila,Acessórios,Antonella,754.0
Mochila,Acessórios,Antony,1050.29
Mochila,Acessórios,Antônio,2362.13
Mochila,Acessórios,Apollo,787.64
Mochila,Acessórios,Arthur,561.06
Mochila,Acessórios,Arthur Gabriel,357.72
Mochila,Acessórios,Arthur Miguel,2952.83
Mochila,Acessórios,Asafe,2185.12
Mochila,Acessórios,Augusto,2167.34
Mochila,Acessórios,Aurora,2865.56
Mochila,Acessórios,Ayla,2507.76
Mochila,Acessórios,Aylla,2368.5499999999997
Mochila,Acessórios,Beatriz,1940.38
Mochila,Acessórios,Bella,380.38
Mochila,Acessórios,Benicio,1593.83
Mochila,Acessórios,Benjamim,686.16
Mochila,Acessórios,Benjamin,504.65999999999997
Mochila,Acessórios,Bento,2742.46
Mochila,Acessórios,Benício,3606.89
Mochila,Acessórios,Bernardo,2011.49
Mochila,Acessórios,Bianca,2113.0299999999997
Mochila,Acessórios,Brayan,762.68
Mochila,Acessórios,Brenda,1879.27
Mochila,Acessórios,Breno,1350.31
Mochila,Acessórios,Bruna,1550.56
Mochila,Acessórios,Bruno,379.91999999999996
Mochila,Acessórios,Bryan,349.34
Mochila,Acessórios,Bárbara,515.46
Mochila,Acessórios,Caio,2736.05
Mochila,Acessórios,Caleb,169.61
Mochila,Acessórios,Calebe,765.38
Mochila,Acessórios,Camila,1423.5
Mochila,Acessórios,Carlos Eduardo,3157.81
Mochila,Acessórios,Carolina,2345.75
Mochila,Acessórios,Caroline,2589.31
Mochila,Acessórios,Catarina,1817.76
Mochila,Acessórios,Cauã,2245.77
Mochila,Acessórios,Cauê,1093.68
Mochila,Acessórios,Cecilia,1206.1399999999999
Mochila,Acessórios,Cecília,376.86
Mochila,Acessórios,Clara,3305.4700000000003
Mochila,Acessórios,Clarice,1117.29
Mochila,Acessórios,Daniel,327.48
Mochila,Acessórios,Daniela,1133.21
Mochila,Acessórios,Danilo,336.81
Mochila,Acessórios,Dante,667.46
Mochila,Acessórios,Davi,1390.44
Mochila,Acessórios,Davi Lucas,1094.97
Mochila,Acessórios,Davi Lucca,3635.85
Mochila,Acessórios,Davi Luiz,2019.98
Mochila,Acessórios,Davi Miguel,1251.54
Mochila,Acessórios,Diego,2495.67
Mochila,Acessórios,Diogo,2542.59
Mochila,Acessórios,Dom,1899.46
Mochila,Acessórios,Eduarda,1670.1399999999999
Mochila,Acessórios,Eduardo,541.3
Mochila,Acessórios,Elisa,1537.76
Mochila,Acessórios,Eloah,1407.1
Mochila,Acessórios,Eloá,2277.72
Mochila,Acessórios,Emanuel,1150.73
Mochila,Acessórios,Emanuella,1498.54
Mochila,Acessórios,Emanuelly,2657.24
Mochila,Acessórios,Emilly,2760.33
Mochila,Acessórios,Enrico,2711.2200000000003
Mochila,Acessórios,Enzo,373.14
Mochila,Acessórios,Erick,1114.71
Mochila,Acessórios,Ester,1643.92
Mochila,Acessórios,Esther,1109.03
Mochila,Acessórios,Evelyn,544.35
Mochila,Acessórios,Felipe,4456.41
Mochila,Acessórios,Fernanda,1828.0700000000002
Mochila,Acessórios,Fernando,1072.85
Mochila,Acessórios,Francisco,1030.72
Mochila,Acessórios,Gabriel,2768.81
Mochila,Acessórios,Gabriela,690.92
Mochila,Acessórios,Gabrielly,2213.7
Mochila,Acessórios,Gael,3368.38
Mochila,Acessórios,Gael Henrique,1857.1100000000001
Mochila,Acessórios,Giovanna,3582.06
Mochila,Acessórios,Guilherme,519.23
Mochila,Acessórios,Gustavo,3525.01
Mochila,Acessórios,Gustavo Henrique,1246.29
Mochila,Acessórios,Hadassa,509.85
Mochila,Acessórios,Heitor,735.1800000000001
Mochila,Acessórios,Helena,1038.8600000000001
Mochila,Acessórios,Hellena,2203.81
Mochila,Acessórios,Heloisa,2840.25
Mochila,Acessórios,Heloísa,1395.46
Mochila,Acessórios,Henrique,2099.93
Mochila,Acessórios,Henry,3111.2200000000003
Mochila,Acessórios,Henry Gabriel,1427.82
Mochila,Acessórios,Ian,1799.45
Mochila,Acessórios,Igor,941.9300000000001
Mochila,Acessórios,Isaac,1410.03
Mochila,Acessórios,Isabel,2893.04
Mochila,Acessórios,Isabela,1864.41
Mochila,Acessórios,Isabella,1765.96
Mochila,Acessórios,Isabelly,1207.81
Mochila,Acessórios,Isadora,1465.96
Mochila,Acessórios,Isaque,170.02
Mochila,Acessórios,Isis,4079.88
Mochila,Acessórios,Jade,1710.83
Mochila,Acessórios,Joana,1076.26
Mochila,Acessórios,Joaquim,3721.5099999999998
Mochila,Acessórios,Josué,1727.61
Mochila,Acessórios,José,2230.88
Mochila,Acessórios,José Miguel,3584.39
Mochila,Acessórios,José Pedro,2144.73
Mochila,Acessórios,João,2024.7
Mochila,Acessórios,João Felipe,1527.31
Mochila,Acessórios,João Gabriel,2417.2
Mochila,Acessórios,João Guilherme,1087.1
Mochila,Acessórios,João Lucas,731.92
Mochila,Acessórios,João Miguel,1310.5
Mochila,Acessórios,João Pedro,2779.16
Mochila,Acessórios,João Vitor,2233.8
Mochila,Acessórios,Juan,1623.1799999999998
Mochila,Acessórios,Julia,2470.8599999999997
Mochila,Acessórios,Juliana,1102.73
Mochila,Acessórios,Júlia,2599.3
Mochila,Acessórios,Kaique,691.12
Mochila,Acessórios,Kamilly,904.29
Mochila,Acessórios,Kevin,768.5
Mochila,Acessórios,Lara,563.46
Mochila,Acessórios,Larissa,1470.1100000000001
Mochila,Acessórios,Laura,667.8
Mochila,Acessórios,Lavínia,2055.02
Mochila,Acessórios,Laís,2256.66
Mochila,Acessórios,Leandro,2165.4
Mochila,Acessórios,Leonardo,1145.86
Mochila,Acessórios,Letícia,2365.67
Mochila,Acessórios,Levi,2007.8600000000001
Mochila,Acessórios,Liam,3407.55
Mochila,Acessórios,Liz,1379.22
Mochila,Acessórios,Lorena,381.6
Mochila,Acessórios,Lorenzo,1443.98
Mochila,Acessórios,Luan,1584.39
Mochila,Acessórios,Luana,2242.59
Mochila,Acessórios,Luara,1244.5900000000001
Mochila,Acessórios,Lucas,1396.6
Mochila,Acessórios,Lucas Gabriel,335.03
Mochila,Acessórios,Lucca,191.18
Mochila,Acessórios,Luigi,1753.3400000000001
Mochila,Acessórios,Luiz Felipe,2669.26
Mochila,Acessórios,Luiz Fernando,2582.43
Mochila,Acessórios,Luiz Gustavo,1204.7600000000002
Mochila,Acessórios,Luiz Miguel,1238.5900000000001
Mochila,Acessórios,Luiz Otávio,3104.3900000000003
Mochila,Acessórios,Luiza,1438.08
Mochila,Acessórios,Luna,735.02
Mochila,Acessórios,Lunna,2421.6
Mochila,Acessórios,Luísa,1667.99
Mochila,Acessórios,Léo,2153.98
Mochila,Acessórios,Lívia,1418.21
Mochila,Acessórios,Maitê,2072.67
Mochila,Acessórios,Manuela,1887.0
Mochila,Acessórios,Manuella,1881.08
Mochila,Acessórios,Marcela,1058.6
Mochila,Acessórios,Marcelo,873.5
Mochila,Acessórios,Marcos Vinicius,749.9
Mochila,Acessórios,Maria,2014.73
Mochila,Acessórios,Maria Alice,1046.78
Mochila,Acessórios,Maria Cecília,945.04
Mochila,Acessórios,Maria Clara,1744.8899999999999
Mochila,Acessórios,Maria Eduarda,3031.5499999999997
Mochila,Acessórios,Maria Fernanda,2500.86
Mochila,Acessórios,Maria Flor,1248.1899999999998
Mochila,Acessórios,Maria Helena,342.38
Mochila,Acessórios,Maria Isis,4413.8
Mochila,Acessórios,Maria Julia,1305.32
Mochila,Acessórios,Maria Júlia,2651.37
Mochila,Acessórios,Maria Laura,370.5
Mochila,Acessórios,Maria Liz,1471.3
Mochila,Acessórios,Maria Luiza,2914.98
Mochila,Acessórios,Maria Luísa,1037.4
Mochila,Acessórios,Maria Sophia,699.01
Mochila,Acessórios,Maria Vitória,1260.26
Mochila,Acessórios,Mariah,1620.5900000000001
Mochila,Acessórios,Mariana,1095.0400000000002
Mochila,Acessórios,Mariane,3637.81
Mochila,Acessórios,Marina,2081.16
Mochila,Acessórios,Mateus,2328.91
Mochila,Acessórios,Matheus,1837.89
Mochila,Acessórios,Mathias,2206.19
Mochila,Acessórios,Matteo,746.92
Mochila,Acessórios,Maya,695.05
Mochila,Acessórios,Maysa,3422.01
Mochila,Acessórios,Melina,1272.63
Mochila,Acessórios,Melissa,1675.34
Mochila,Acessórios,Miguel,2421.59
Mochila,Acessórios,Milena,1433.38
Mochila,Acessórios,Mirella,1800.8
Mochila,Acessórios,Murilo,1056.1999999999998
Mochila,Acessórios,Nathan,1789.6999999999998
Mochila,Acessórios,Natália,3582.65
Mochila,Acessórios,Nicolas,1498.55
Mochila,Acessórios,Nicole,539.87
Mochila,Acessórios,Nina,1449.51
Mochila,Acessórios,Noah,2407.53
Mochila,Acessórios,Oliver,1776.8600000000001
Mochila,Acessórios,Olivia,906.75
Mochila,Acessórios,Olívia,1523.76
Mochila,Acessórios,Otto,1294.77
Mochila,Acessórios,Otávio,742.52
Mochila,Acessórios,Paulo,1596.2399999999998
Mochila,Acessórios,Pedro,1101.3000000000002
Mochila,Acessórios,Pedro Henrique,888.89
Mochila,Acessórios,Pedro Lucas,1900.4099999999999
Mochila,Acessórios,Pedro Miguel,771.32
Mochila,Acessórios,Pietra,1242.77
Mochila,Acessórios,Pietro,1307.96
Mochila,Acessórios,Rael,555.64
Mochila,Acessórios,Rafael,1801.94
Mochila,Acessórios,Rafaela,1836.08
Mochila,Acessórios,Raquel,2232.6400000000003
Mochila,Acessórios,Raul,770.72
Mochila,Acessórios,Ravi,2143.65
Mochila,Acessórios,Ravi Lucca,2444.06
Mochila,Acessórios,Ravy,1877.0
Mochila,Acessórios,Rebeca,1354.79
Mochila,Acessórios,Renan,2278.5
Mochila,Acessórios,Rhavi,934.81
Mochila,Acessórios,Rodrigo,1247.34
Mochila,Acessórios,Ryan,1521.01
Mochila,Acessórios,Sabrina,710.7199999999999
Mochila,Acessórios,Samuel,194.52
Mochila,Acessórios,Sara,1211.97
Mochila,Acessórios,Sarah,673.96
Mochila,Acessórios,Sofia,1778.96
Mochila,Acessórios,Sophia,1087.96
Mochila,Acessórios,Sophie,1029.45
Mochila,Acessórios,Stella,1540.97
Mochila,Acessórios,Stephany,1046.05
Mochila,Acessórios,Thales,2751.0600000000004
Mochila,Acessórios,Theo,1691.1100000000001
Mochila,Acessórios,Theodoro,864.3600000000001
Mochila,Acessórios,Thiago,718.36
Mochila,Acessórios,Thomas,1283.83
Mochila,Acessórios,Théo,713.96
Mochila,Acessórios,Valentim,1261.2799999999997
Mochila,Acessórios,Valentina,1666.0
Mochila,Acessórios,Vicente,168.93
Mochila,Acessórios,Vinicius,1103.8200000000002
Mochila,Acessórios,Vinícius,1678.0800000000002
Mochila,Acessórios,Vitor,2016.79
Mochila,Acessórios,Vitor Gabriel,1780.77
Mochila,Acessórios,Vitor Hugo,1574.94
Mochila,Acessórios,Vitória,1938.24
Mochila,Acessórios,Yago,752.2
Mochila,Acessórios,Yan,769.5600000000001
Mochila,Acessórios,Yasmin,1574.46
Mochila,Acessórios,Yuri,1320.54
Mochila,Acessórios,Zoe,1511.56
Mochila,Acessórios,Ágatha,1587.46
Mochila,Acessórios,Ísis,1846.38
Monitor,Eletrônicos,Agatha,8992.73
Monitor,Eletrônicos,Alana,2833.4700000000003
Monitor,Eletrônicos,Alexandre,12447.400000000001
Monitor,Eletrônicos,Alexia,11008.9
Monitor,Eletrônicos,Alice,12143.17
Monitor,Eletrônicos,Allana,17570.13
Monitor,Eletrônicos,Alícia,6326.84
Monitor,Eletrônicos,Amanda,7981.11
Monitor,Eletrônicos,Ana,14652.63
Monitor,Eletrônicos,Ana Beatriz,9184.18
Monitor,Eletrônicos,Ana Carolina,969.16
Monitor,Eletrônicos,Ana Cecília,11857.29
Monitor,Eletrônicos,Ana Clara,17944.71
Monitor,Eletrônicos,Ana Julia,9723.65
Monitor,Eletrônicos,Ana Júlia,10976.32
Monitor,Eletrônicos,Ana Laura,16240.86
Monitor,Eletrônicos,Ana Liz,10194.83
Monitor,Eletrônicos,Ana Luiza,2889.63
Monitor,Eletrônicos,Ana Lívia,11054.28
Monitor,Eletrônicos,Ana Sophia,9850.3
Monitor,Eletrônicos,Ana Vitória,2816.7
Monitor,Eletrônicos,André,3816.04
Monitor,Eletrônicos,Anna Liz,7922.23
Monitor,Eletrônicos,Anthony,4852.15
Monitor,Eletrônicos,Anthony Gabriel,13623.12
Monitor,Eletrônicos,Antonella,11529.12
Monitor,Eletrônicos,Antony,5900.23
Monitor,Eletrônicos,Antônio,7621.0599999999995
Monitor,Eletrônicos,Apollo,7098.25
Monitor,Eletrônicos,Arthur,13121.07
Monitor,Eletrônicos,Arthur Gabriel,6616.95
Monitor,Eletrônicos,Arthur Miguel,2624.61
Monitor,Eletrônicos,Asafe,5917.889999999999
Monitor,Eletrônicos,Augusto,8800.96
Monitor,Eletrônicos,Aurora,13092.960000000001
Monitor,Eletrônicos,Ayla,3265.04
Monitor,Eletrônicos,Aylla,6002.66
Monitor,Eletrônicos,Beatriz,5665.0
Monitor,Eletrônicos,Bella,12276.43
Monitor,Eletrônicos,Benicio,6982.23
Monitor,Eletrônicos,Benjamim,5157.18
Monitor,Eletrônicos,Benjamin,1682.08
Monitor,Eletrônicos,Bento,5830.68
Monitor,Eletrônicos,Benício,4559.43
Monitor,Eletrônicos,Bernardo,15032.91
Monitor,Eletrônicos,Bianca,8462.4
Monitor,Eletrônicos,Brayan,5488.77
Monitor,Eletrônicos,Brenda,8061.219999999999
Monitor,Eletrônicos,Breno,16300.25
Monitor,Eletrônicos,Bruna,4554.0599999999995
Monitor,Eletrônicos,Bruno,10106.01
Monitor,Eletrônicos,Bryan,13808.59
Monitor,Eletrônicos,Bárbara,5197.9
Monitor,Eletrônicos,Caio,5257.26
Monitor,Eletrônicos,Caleb,7035.82
Monitor,Eletrônicos,Calebe,9824.21
Monitor,Eletrônicos,Camila,12167.869999999999
Monitor,Eletrônicos,Carlos Eduardo,6443.13
Monitor,Eletrônicos,Carolina,5935.25
Monitor,Eletrônicos,Caroline,9242.09
Monitor,Eletrônicos,Catarina,7785.13
Monitor,Eletrônicos,Cauã,5524.52
Monitor,Eletrônicos,Cauê,3907.8
Monitor,Eletrônicos,Cecilia,19085.53
Monitor,Eletrônicos,Clara,7084.17
Monitor,Eletrônicos,Clarice,3633.21
Monitor,Eletrônicos,Daniel,2682.18
Monitor,Eletrônicos,Daniela,15480.18
Monitor,Eletrônicos,Danilo,8966.24
Monitor,Eletrônicos,Dante,9199.2
Monitor,Eletrônicos,Davi,11547.57
Monitor,Eletrônicos,Davi Lucas,6009.73
Monitor,Eletrônicos,Davi Lucca,10797.150000000001
Monitor,Eletrônicos,Davi Luiz,18502.69
Monitor,Eletrônicos,Davi Miguel,1669.6
Monitor,Eletrônicos,Diego,19945.15
Monitor,Eletrônicos,Diogo,12274.68
Monitor,Eletrônicos,Dom,4553.41
Monitor,Eletrônicos,Eduarda,7952.89
Monitor,Eletrônicos,Eduardo,7652.68
Monitor,Eletrônicos,Elisa,3384.49
Monitor,Eletrônicos,Eloah,4636.62
Monitor,Eletrônicos,Eloá,12835.5
Monitor,Eletrônicos,Emanuel,11832.64
Monitor,Eletrônicos,Emanuella,12211.71
Monitor,Eletrônicos,Emanuelly,13815.970000000001
Monitor,Eletrônicos,Emilly,7402.8
Monitor,Eletrônicos,Enrico,19101.93
Monitor,Eletrônicos,Enzo Gabriel,10523.79
Monitor,Eletrônicos,Erick,3751.4400000000005
Monitor,Eletrônicos,Ester,3568.36
Monitor,Eletrônicos,Esther,6824.46
Monitor,Eletrônicos,Evelyn,13523.49
Monitor,Eletrônicos,Felipe,3320.3999999999996
Monitor,Eletrônicos,Fernanda,2517.78
Monitor,Eletrônicos,Fernando,7349.799999999999
Monitor,Eletrônicos,Francisco,3517.94
Monitor,Eletrônicos,Gabriel,6200.6900000000005
Monitor,Eletrônicos,Gabriela,3621.6
Monitor,Eletrônicos,Gabrielly,4555.93
Monitor,Eletrônicos,Gael,13038.099999999999
Monitor,Eletrônicos,Gael Henrique,7458.87
Monitor,Eletrônicos,Giovanna,6180.48
Monitor,Eletrônicos,Gustavo,4385.83
Monitor,Eletrônicos,Gustavo Henrique,17137.65
Monitor,Eletrônicos,Hadassa,23369.61
Monitor,Eletrônicos,Heitor,9667.44
Monitor,Eletrônicos,Hellena,4441.95
Monitor,Eletrônicos,Heloisa,8169.0599999999995
Monitor,Eletrônicos,Heloísa,15496.46
Monitor,Eletrônicos,Henrique,861.82
Monitor,Eletrônicos,Henry,12901.68
Monitor,Eletrônicos,Henry Gabriel,10838.28
Monitor,Eletrônicos,Ian,5290.17
Monitor,Eletrônicos,Igor,18676.239999999998
Monitor,Eletrônicos,Isaac,3427.92
Monitor,Eletrônicos,Isabel,11017.68
Monitor,Eletrônicos,Isabela,12984.02
Monitor,Eletrônicos,Isabella,3688.24
Monitor,Eletrônicos,Isabelly,2569.59
Monitor,Eletrônicos,Isadora,3587.56
Monitor,Eletrônicos,Isaque,7689.9400000000005
Monitor,Eletrônicos,Isis,1752.8200000000002
Monitor,Eletrônicos,Jade,7339.48
Monitor,Eletrônicos,Joana,6259.0
Monitor,Eletrônicos,Joaquim,4843.76
Monitor,Eletrônicos,Josué,8970.64
Monitor,Eletrônicos,José,11238.8
Monitor,Eletrônicos,José Miguel,13578.45
Monitor,Eletrônicos,João,11138.9
Monitor,Eletrônicos,João Felipe,10683.68
Monitor,Eletrônicos,João Gabriel,11586.189999999999
Monitor,Eletrônicos,João Guilherme,12917.6
Monitor,Eletrônicos,João Lucas,6101.14
Monitor,Eletrônicos,João Miguel,14015.199999999999
Monitor,Eletrônicos,João Pedro,9658.689999999999
Monitor,Eletrônicos,João Vitor,5258.280000000001
Monitor,Eletrônicos,Juan,15609.72
Monitor,Eletrônicos,Julia,15418.87
Monitor,Eletrônicos,Juliana,11778.029999999999
Monitor,Eletrônicos,Júlia,1974.38
Monitor,Eletrônicos,Kaique,6541.62
Monitor,Eletrônicos,Kamilly,10714.94
Monitor,Eletrônicos,Kevin,1796.0
Monitor,Eletrônicos,Lara,7053.860000000001
Monitor,Eletrônicos,Larissa,2742.8
Monitor,Eletrônicos,Laura,10144.81
Monitor,Eletrônicos,Lavínia,6366.91
Monitor,Eletrônicos,Laís,8986.67
Monitor,Eletrônicos,Leandro,3671.44
Monitor,Eletrônicos,Leonardo,12633.77
Monitor,Eletrônicos,Letícia,9722.74
Monitor,Eletrônicos,Levi,7611.46
Monitor,Eletrônicos,Liam,2848.87
Monitor,Eletrônicos,Liz,6719.4
Monitor,Eletrônicos,Lorena,8178.76
Monitor,Eletrônicos,Lorenzo,7488.61
Monitor,Eletrônicos,Luan,15350.69
Monitor,Eletrônicos,Luana,7723.99
Monitor,Eletrônicos,Luara,4287.07
Monitor,Eletrônicos,Lucas,12072.6
Monitor,Eletrônicos,Lucas Gabriel,10664.82
Monitor,Eletrônicos,Lucca,5419.85
Monitor,Eletrônicos,Luigi,3414.38
Monitor,Eletrônicos,Luiz Felipe,12751.86
Monitor,Eletrônicos,Luiz Fernando,10724.48
Monitor,Eletrônicos,Luiz Gustavo,11275.3
Monitor,Eletrônicos,Luiz Henrique,19413.32
Monitor,Eletrônicos,Luiz Miguel,16102.880000000001
Monitor,Eletrônicos,Luiz Otávio,10414.09
Monitor,Eletrônicos,Luiza,4234.97
Monitor,Eletrônicos,Luna,1936.9
Monitor,Eletrônicos,Lunna,4427.05
Monitor,Eletrônicos,Léo,15448.68
Monitor,Eletrônicos,Lívia,959.25
Monitor,Eletrônicos,Maitê,4382.58
Monitor,Eletrônicos,Manuela,4302.11
Monitor,Eletrônicos,Manuella,8917.98
Monitor,Eletrônicos,Marcela,6888.87
Monitor,Eletrônicos,Marcelo,8261.07
Monitor,Eletrônicos,Marcos Vinicius,6562.2
Monitor,Eletrônicos,Maria,4377.85
Monitor,Eletrônicos,Maria Alice,10174.23
Monitor,Eletrônicos,Maria Cecília,12383.54
Monitor,Eletrônicos,Maria Clara,9368.66
Monitor,Eletrônicos,Maria Eduarda,9992.33
Monitor,Eletrônicos,Maria Fernanda,4712.09
Monitor,Eletrônicos,Maria Flor,4071.29
Monitor,Eletrônicos,Maria Helena,9183.32
Monitor,Eletrônicos,Maria Isis,9199.64
Monitor,Eletrônicos,Maria Julia,10219.92
Monitor,Eletrônicos,Maria Júlia,11378.75
Monitor,Eletrônicos,Maria Laura,12315.77
Monitor,Eletrônicos,Maria Liz,6718.110000000001
Monitor,Eletrônicos,Maria Luiza,9321.71
Monitor,Eletrônicos,Maria Luísa,6173.46
Monitor,Eletrônicos,Maria Sophia,6279.96
Monitor,Eletrônicos,Maria Vitória,15284.720000000001
Monitor,Eletrônicos,Mariah,9463.03
Monitor,Eletrônicos,Mariana,20439.579999999998
Monitor,Eletrônicos,Mariane,966.64
Monitor,Eletrônicos,Marina,16026.029999999999
Monitor,Eletrônicos,Mateus,10069.5
Monitor,Eletrônicos,Matheus,6270.679999999999
Monitor,Eletrônicos,Mathias,6341.23
Monitor,Eletrônicos,Matteo,4651.11
Monitor,Eletrônicos,Maya,8916.650000000001
Monitor,Eletrônicos,Maysa,9750.24
Monitor,Eletrônicos,Melina,17912.27
Monitor,Eletrônicos,Melissa,12109.1
Monitor,Eletrônicos,Miguel,7857.53
Monitor,Eletrônicos,Milena,9386.060000000001
Monitor,Eletrônicos,Mirella,9727.77
Monitor,Eletrônicos,Murilo,5393.26
Monitor,Eletrônicos,Nathan,19459.82
Monitor,Eletrônicos,Natália,5742.33
Monitor,Eletrônicos,Nicolas,818.47
Monitor,Eletrônicos,Nicole,7935.69
Monitor,Eletrônicos,Nina,6005.35
Monitor,Eletrônicos,Noah,5697.1
Monitor,Eletrônicos,Oliver,20814.63
Monitor,Eletrônicos,Olivia,7259.88
Monitor,Eletrônicos,Olívia,1928.1399999999999
Monitor,Eletrônicos,Otto,12594.630000000001
Monitor,Eletrônicos,Otávio,8006.66
Monitor,Eletrônicos,Paulo,8987.72
Monitor,Eletrônicos,Pedro,15974.04
Monitor,Eletrônicos,Pedro Henrique,8989.89
Monitor,Eletrônicos,Pedro Lucas,4824.32
Monitor,Eletrônicos,Pedro Miguel,6668.26
Monitor,Eletrônicos,Pietra,15712.689999999999
Monitor,Eletrônicos,Pietro,3345.68
Monitor,Eletrônicos,Rael,6948.76
Monitor,Eletrônicos,Rafael,11952.43
Monitor,Eletrônicos,Rafaela,7940.69
Monitor,Eletrônicos,Raquel,10048.68
Monitor,Eletrônicos,Raul,5327.610000000001
Monitor,Eletrônicos,Ravi,10444.56
Monitor,Eletrônicos,Ravi Lucca,6497.5599999999995
Monitor,Eletrônicos,Ravy,7397.6900000000005
Monitor,Eletrônicos,Renan,4465.26
Monitor,Eletrônicos,Rhavi,2585.98
Monitor,Eletrônicos,Ryan,8234.33
Monitor,Eletrônicos,Sabrina,10969.88
Monitor,Eletrônicos,Samuel,25390.190000000002
Monitor,Eletrônicos,Sara,4526.75
Monitor,Eletrônicos,Sarah,30059.260000000002
Monitor,Eletrônicos,Sofia,14062.17
Monitor,Eletrônicos,Sophia,3542.83
Monitor,Eletrônicos,Sophie,6328.84
Monitor,Eletrônicos,Stella,3451.2
Monitor,Eletrônicos,Stephany,5866.22
Monitor,Eletrônicos,Thales,4712.41
Monitor,Eletrônicos,Theo,7394.81
Monitor,Eletrônicos,Theodoro,8650.92
Monitor,Eletrônicos,Thiago,5327.24
Monitor,Eletrônicos,Thomas,11721.65
Monitor,Eletrônicos,Théo,11990.15
Monitor,Eletrônicos,Valentim,2608.2599999999998
Monitor,Eletrônicos,Valentina,4593.82
Monitor,Eletrônicos,Vicente,10316.23
Monitor,Eletrônicos,Vinicius,8209.119999999999
Monitor,Eletrônicos,Vinícius,2768.32
Monitor,Eletrônicos,Vitor,2526.9
Monitor,Eletrônicos,Vitor Gabriel,2821.05
Monitor,Eletrônicos,Vitor Hugo,4591.84
Monitor,Eletrônicos,Vitória,16580.1
Monitor,Eletrônicos,Yago,12248.95
Monitor,Eletrônicos,Yan,3594.12
Monitor,Eletrônicos,Yasmin,14281.130000000001
Monitor,Eletrônicos,Yuri,4547.05
Monitor,Eletrônicos,Zoe,1760.64
Monitor,Eletrônicos,Ágatha,10872.52
Monitor,Eletrônicos,Ísis,3836.09
Mouse,Eletrônicos,Agatha,314.78999999999996
Mouse,Eletrônicos,Alana,782.28
Mouse,Eletrônicos,Alexandre,1596.47
Mouse,Eletrônicos,Alexia,245.13
Mouse,Eletrônicos,Alice,72.2
Mouse,Eletrônicos,Allana,510.92
Mouse,Eletrônicos,Alícia,654.08
Mouse,Eletrônicos,Amanda,655.27
Mouse,Eletrônicos,Ana,568.35
Mouse,Eletrônicos,Ana Beatriz,727.0799999999999
Mouse,Eletrônicos,Ana Carolina,290.26
Mouse,Eletrônicos,Ana Cecília,1303.96
Mouse,Eletrônicos,Ana Clara,740.4
Mouse,Eletrônicos,Ana Julia,741.28
Mouse,Eletrônicos,Ana Júlia,322.16
Mouse,Eletrônicos,Ana Laura,307.42
Mouse,Eletrônicos,Ana Liz,309.13
Mouse,Eletrônicos,Ana Luiza,1009.98
Mouse,Eletrônicos,Ana Lívia,721.67
Mouse,Eletrônicos,Ana Sophia,73.01
Mouse,Eletrônicos,Ana Vitória,1954.45
Mouse,Eletrônicos,André,1083.5
Mouse,Eletrônicos,Anna Liz,852.4
Mouse,Eletrônicos,Anthony,471.61
Mouse,Eletrônicos,Anthony Gabriel,468.33000000000004
Mouse,Eletrônicos,Antonella,491.9
Mouse,Eletrônicos,Antony,900.3599999999999
Mouse,Eletrônicos,Antônio,669.77
Mouse,Eletrônicos,Apollo,479.52
Mouse,Eletrônicos,Arthur,817.77
Mouse,Eletrônicos,Arthur Gabriel,1376.14
Mouse,Eletrônicos,Arthur Miguel,474.9
Mouse,Eletrônicos,Asafe,815.94
Mouse,Eletrônicos,Augusto,1302.41
Mouse,Eletrônicos,Aurora,480.66
Mouse,Eletrônicos,Ayla,463.90999999999997
Mouse,Eletrônicos,Aylla,920.02
Mouse,Eletrônicos,Beatriz,485.46000000000004
Mouse,Eletrônicos,Bella,541.73
Mouse,Eletrônicos,Benicio,654.7
Mouse,Eletrônicos,Benjamim,1656.5500000000002
Mouse,Eletrônicos,Benjamin,586.0799999999999
Mouse,Eletrônicos,Bento,400.67999999999995
Mouse,Eletrônicos,Benício,1410.08
Mouse,Eletrônicos,Bernardo,554.39
Mouse,Eletrônicos,Bianca,326.64
Mouse,Eletrônicos,Brayan,234.55
Mouse,Eletrônicos,Brenda,2301.43
Mouse,Eletrônicos,Breno,904.05
Mouse,Eletrônicos,Bruna,742.95
Mouse,Eletrônicos,Bruno,853.3799999999999
Mouse,Eletrônicos,Bryan,734.71
Mouse,Eletrônicos,Bárbara,1061.48
Mouse,Eletrônicos,Caio,909.6
Mouse,Eletrônicos,Caleb,921.14
Mouse,Eletrônicos,Calebe,1549.81
Mouse,Eletrônicos,Camila,535.1300000000001
Mouse,Eletrônicos,Carlos Eduardo,973.0600000000001
Mouse,Eletrônicos,Carolina,1087.1200000000001
Mouse,Eletrônicos,Caroline,315.04
Mouse,Eletrônicos,Catarina,929.1999999999999
Mouse,Eletrônicos,Cauã,409.59
Mouse,Eletrônicos,Cauê,492.47
Mouse,Eletrônicos,Cecilia,892.92
Mouse,Eletrônicos,Cecília,1143.66
Mouse,Eletrônicos,Clara,408.32
Mouse,Eletrônicos,Clarice,1049.44
Mouse,Eletrônicos,Daniel,454.96999999999997
Mouse,Eletrônicos,Daniela,637.27
Mouse,Eletrônicos,Danilo,158.38
Mouse,Eletrônicos,Dante,1844.78
Mouse,Eletrônicos,Davi,643.21
Mouse,Eletrônicos,Davi Lucas,312.77000000000004
Mouse,Eletrônicos,Davi Lucca,1018.0899999999999
Mouse,Eletrônicos,Davi Luiz,962.01
Mouse,Eletrônicos,Davi Miguel,371.82
Mouse,Eletrônicos,Diego,741.6899999999999
Mouse,Eletrônicos,Diogo,546.06
Mouse,Eletrônicos,Dom,669.98
Mouse,Eletrônicos,Eduarda,311.15
Mouse,Eletrônicos,Eduardo,636.97
Mouse,Eletrônicos,Elisa,603.2
Mouse,Eletrônicos,Eloah,911.5699999999999
Mouse,Eletrônicos,Eloá,73.05
Mouse,Eletrônicos,Emanuel,320.08
Mouse,Eletrônicos,Emanuella,564.05
Mouse,Eletrônicos,Emanuelly,334.76
Mouse,Eletrônicos,Emilly,516.99
Mouse,Eletrônicos,Enrico,791.01
Mouse,Eletrônicos,Enzo,808.81
Mouse,Eletrônicos,Enzo Gabriel,958.42
Mouse,Eletrônicos,Erick,796.45
Mouse,Eletrônicos,Ester,409.26
Mouse,Eletrônicos,Esther,875.3700000000001
Mouse,Eletrônicos,Evelyn,823.47
Mouse,Eletrônicos,Felipe,72.9
Mouse,Eletrônicos,Fernanda,1140.06
Mouse,Eletrônicos,Fernando,347.08
Mouse,Eletrônicos,Francisco,475.02000000000004
Mouse,Eletrônicos,Gabriel,762.63
Mouse,Eletrônicos,Gabriela,1692.7800000000002
Mouse,Eletrônicos,Gabrielly,554.5699999999999
Mouse,Eletrônicos,Gael,1773.6599999999999
Mouse,Eletrônicos,Gael Henrique,81.03
Mouse,Eletrônicos,Guilherme,958.39
Mouse,Eletrônicos,Gustavo,939.9200000000001
Mouse,Eletrônicos,Gustavo Henrique,1031.94
Mouse,Eletrônicos,Hadassa,385.8
Mouse,Eletrônicos,Heitor,168.6
Mouse,Eletrônicos,Helena,2177.64
Mouse,Eletrônicos,Hellena,329.91
Mouse,Eletrônicos,Heloisa,606.98
Mouse,Eletrônicos,Heloísa,1067.72
Mouse,Eletrônicos,Henrique,163.74
Mouse,Eletrônicos,Henry,544.86
Mouse,Eletrônicos,Henry Gabriel,908.61
Mouse,Eletrônicos,Ian,728.84
Mouse,Eletrônicos,Igor,488.6
Mouse,Eletrônicos,Isaac,575.72
Mouse,Eletrônicos,Isabel,238.95000000000002
Mouse,Eletrônicos,Isabela,408.0
Mouse,Eletrônicos,Isabella,639.72
Mouse,Eletrônicos,Isabelly,86.09
Mouse,Eletrônicos,Isadora,642.6800000000001
Mouse,Eletrônicos,Isaque,642.55
Mouse,Eletrônicos,Jade,442.28
Mouse,Eletrônicos,Joana,303.16
Mouse,Eletrônicos,Joaquim,1755.1
Mouse,Eletrônicos,Josué,153.36
Mouse,Eletrônicos,José,971.23
Mouse,Eletrônicos,José Miguel,1006.86
Mouse,Eletrônicos,José Pedro,726.75
Mouse,Eletrônicos,João,490.74
Mouse,Eletrônicos,João Felipe,76.99
Mouse,Eletrônicos,João Gabriel,1478.02
Mouse,Eletrônicos,João Guilherme,675.26
Mouse,Eletrônicos,João Lucas,1003.98
Mouse,Eletrônicos,João Miguel,488.64
Mouse,Eletrônicos,João Pedro,1048.99
Mouse,Eletrônicos,João Vitor,1152.78
Mouse,Eletrônicos,Juan,83.14
Mouse,Eletrônicos,Julia,1631.26
Mouse,Eletrônicos,Juliana,711.54
Mouse,Eletrônicos,Júlia,417.68
Mouse,Eletrônicos,Kaique,1766.1399999999999
Mouse,Eletrônicos,Kamilly,563.97
Mouse,Eletrônicos,Kevin,855.41
Mouse,Eletrônicos,Lara,242.62
Mouse,Eletrônicos,Larissa,315.56
Mouse,Eletrônicos,Laura,816.14
Mouse,Eletrônicos,Lavínia,720.4599999999999
Mouse,Eletrônicos,Laís,1404.92
Mouse,Eletrônicos,Leandro,251.67000000000002
Mouse,Eletrônicos,Leonardo,1270.2
Mouse,Eletrônicos,Letícia,86.91
Mouse,Eletrônicos,Levi,2212.03
Mouse,Eletrônicos,Liam,323.24
Mouse,Eletrônicos,Liz,938.96
Mouse,Eletrônicos,Lorena,933.04
Mouse,Eletrônicos,Lorenzo,806.6500000000001
Mouse,Eletrônicos,Luan,612.47
Mouse,Eletrônicos,Luana,491.32
Mouse,Eletrônicos,Luara,147.98
Mouse,Eletrônicos,Lucas,540.22
Mouse,Eletrônicos,Lucas Gabriel,624.61
Mouse,Eletrônicos,Lucca,676.16
Mouse,Eletrônicos,Luigi,144.12
Mouse,Eletrônicos,Luiz Felipe,1318.6399999999999
Mouse,Eletrônicos,Luiz Fernando,1106.96
Mouse,Eletrônicos,Luiz Gustavo,332.63
Mouse,Eletrônicos,Luiz Henrique,170.36
Mouse,Eletrônicos,Luiz Miguel,716.35
Mouse,Eletrônicos,Luiz Otávio,389.74
Mouse,Eletrônicos,Luiza,629.12
Mouse,Eletrônicos,Luna,315.3
Mouse,Eletrônicos,Lunna,743.9200000000001
Mouse,Eletrônicos,Luísa,335.37
Mouse,Eletrônicos,Léo,1686.42
Mouse,Eletrônicos,Lívia,959.66
Mouse,Eletrônicos,Maitê,305.56
Mouse,Eletrônicos,Manuela,1024.8
Mouse,Eletrônicos,Manuella,474.15
Mouse,Eletrônicos,Marcela,309.0
Mouse,Eletrônicos,Marcelo,1038.7
Mouse,Eletrônicos,Marcos Vinicius,387.89
Mouse,Eletrônicos,Maria,723.02
Mouse,Eletrônicos,Maria Alice,383.35
Mouse,Eletrônicos,Maria Cecília,697.6300000000001
Mouse,Eletrônicos,Maria Clara,1058.65
Mouse,Eletrônicos,Maria Eduarda,772.8499999999999
Mouse,Eletrônicos,Maria Fernanda,464.06999999999994
Mouse,Eletrônicos,Maria Flor,174.9
Mouse,Eletrônicos,Maria Helena,635.24
Mouse,Eletrônicos,Maria Isis,1457.34
Mouse,Eletrônicos,Maria Julia,1907.48
Mouse,Eletrônicos,Maria Júlia,994.95
Mouse,Eletrônicos,Maria Laura,244.56
Mouse,Eletrônicos,Maria Liz,888.64
Mouse,Eletrônicos,Maria Luiza,910.9200000000001
Mouse,Eletrônicos,Maria Luísa,927.21
Mouse,Eletrônicos,Maria Sophia,1671.19
Mouse,Eletrônicos,Maria Vitória,551.46
Mouse,Eletrônicos,Mariah,1359.39
Mouse,Eletrônicos,Mariana,1020.1800000000001
Mouse,Eletrônicos,Mariane,333.84
Mouse,Eletrônicos,Marina,1180.96
Mouse,Eletrônicos,Mateus,794.84
Mouse,Eletrônicos,Matheus,1165.2
Mouse,Eletrônicos,Mathias,231.79000000000002
Mouse,Eletrônicos,Matteo,715.0999999999999
Mouse,Eletrônicos,Maya,999.75
Mouse,Eletrônicos,Maysa,668.09
Mouse,Eletrônicos,Melina,767.0600000000001
Mouse,Eletrônicos,Melissa,1194.09
Mouse,Eletrônicos,Miguel,870.01
Mouse,Eletrônicos,Milena,1112.83
Mouse,Eletrônicos,Mirella,988.59
Mouse,Eletrônicos,Murilo,1075.6599999999999
Mouse,Eletrônicos,Nathan,298.96
Mouse,Eletrônicos,Natália,149.57999999999998
Mouse,Eletrônicos,Nicolas,320.39000000000004
Mouse,Eletrônicos,Nicole,459.79999999999995
Mouse,Eletrônicos,Nina,222.71999999999997
Mouse,Eletrônicos,Oliver,75.23
Mouse,Eletrônicos,Olivia,165.98
Mouse,Eletrônicos,Olívia,728.21
Mouse,Eletrônicos,Otto,648.09
Mouse,Eletrônicos,Otávio,306.15999999999997
Mouse,Eletrônicos,Paulo,654.3499999999999
Mouse,Eletrônicos,Pedro,1247.44
Mouse,Eletrônicos,Pedro Henrique,800.8
Mouse,Eletrônicos,Pedro Lucas,393.73
Mouse,Eletrônicos,Pedro Miguel,802.24
Mouse,Eletrônicos,Pietra,1093.77
Mouse,Eletrônicos,Pietro,914.7900000000001
Mouse,Eletrônicos,Rael,322.29
Mouse,Eletrônicos,Rafael,852.32
Mouse,Eletrônicos,Rafaela,368.39
Mouse,Eletrônicos,Raquel,84.23
Mouse,Eletrônicos,Raul,900.51
Mouse,Eletrônicos,Ravi,646.52
Mouse,Eletrônicos,Ravi Lucca,340.2
Mouse,Eletrônicos,Ravy,812.77
Mouse,Eletrônicos,Rebeca,1155.27
Mouse,Eletrônicos,Renan,1371.18
Mouse,Eletrônicos,Rhavi,236.41
Mouse,Eletrônicos,Rodrigo,930.5799999999999
Mouse,Eletrônicos,Ryan,821.12
Mouse,Eletrônicos,Sabrina,564.12
Mouse,Eletrônicos,Sara,1774.8899999999999
Mouse,Eletrônicos,Sarah,463.41999999999996
Mouse,Eletrônicos,Sofia,1450.3
Mouse,Eletrônicos,Sophia,1072.53
Mouse,Eletrônicos,Sophie,1161.99
Mouse,Eletrônicos,Stella,165.43
Mouse,Eletrônicos,Stephany,413.14
Mouse,Eletrônicos,Thales,497.68999999999994
Mouse,Eletrônicos,Theo,1016.2
Mouse,Eletrônicos,Theodoro,1183.4699999999998
Mouse,Eletrônicos,Thiago,555.66
Mouse,Eletrônicos,Thomas,803.94
Mouse,Eletrônicos,Théo,670.03
Mouse,Eletrônicos,Valentim,246.5
Mouse,Eletrônicos,Valentina,843.01
Mouse,Eletrônicos,Vicente,791.5
Mouse,Eletrônicos,Vinicius,1665.9899999999998
Mouse,Eletrônicos,Vinícius,1113.27
Mouse,Eletrônicos,Vitor,637.48
Mouse,Eletrônicos,Vitor Gabriel,1177.09
Mouse,Eletrônicos,Vitor Hugo,712.78
Mouse,Eletrônicos,Vitória,1480.25
Mouse,Eletrônicos,Yago,699.05
Mouse,Eletrônicos,Yasmin,717.87
Mouse,Eletrônicos,Yuri,1205.01
Mouse,Eletrônicos,Zoe,599.4
Mouse,Eletrônicos,Ágatha,968.6100000000001
Mouse,Eletrônicos,Ísis,676.12
Notebook,Eletrônicos,Agatha,31027.3
Notebook,Eletrônicos,Alana,24231.879999999997
Notebook,Eletrônicos,Alexandre,16927.879999999997
Notebook,Eletrônicos,Alexia,22358.53
Notebook,Eletrônicos,Alice,59502.71
Notebook,Eletrônicos,Allana,28034.42
Notebook,Eletrônicos,Alícia,22508.010000000002
Notebook,Eletrônicos,Amanda,29304.34
Notebook,Eletrônicos,Ana,15249.15
Notebook,Eletrônicos,Ana Beatriz,37439.9
Notebook,Eletrônicos,Ana Carolina,46027.0
Notebook,Eletrônicos,Ana Cecília,30788.04
Notebook,Eletrônicos,Ana Clara,45174.53
Notebook,Eletrônicos,Ana Julia,3765.59
Notebook,Eletrônicos,Ana Júlia,51845.65
Notebook,Eletrônicos,Ana Laura,14433.8
Notebook,Eletrônicos,Ana Liz,43059.52
Notebook,Eletrônicos,Ana Luiza,21358.649999999998
Notebook,Eletrônicos,Ana Lívia,17047.699999999997
Notebook,Eletrônicos,Ana Sophia,14812.08
Notebook,Eletrônicos,André,43774.45
Notebook,Eletrônicos,Anna Liz,36403.54
Notebook,Eletrônicos,Anthony,37503.26
Notebook,Eletrônicos,Anthony Gabriel,41323.71
Notebook,Eletrônicos,Antonella,14162.46
Notebook,Eletrônicos,Antony,6709.52
Notebook,Eletrônicos,Apollo,30144.72
Notebook,Eletrônicos,Arthur,25331.5
Notebook,Eletrônicos,Arthur Gabriel,7125.66
Notebook,Eletrônicos,Arthur Miguel,32431.64
Notebook,Eletrônicos,Asafe,78209.13
Notebook,Eletrônicos,Augusto,27467.149999999998
Notebook,Eletrônicos,Ayla,34589.38
Notebook,Eletrônicos,Aylla,31140.23
Notebook,Eletrônicos,Beatriz,35658.97
Notebook,Eletrônicos,Bella,31984.85
Notebook,Eletrônicos,Benicio,14415.990000000002
Notebook,Eletrônicos,Benjamim,60835.4
Notebook,Eletrônicos,Benjamin,31711.31
Notebook,Eletrônicos,Bento,56415.93
Notebook,Eletrônicos,Benício,47007.63
Notebook,Eletrônicos,Bernardo,37240.450000000004
Notebook,Eletrônicos,Bianca,30133.6
Notebook,Eletrônicos,Brayan,56300.45
Notebook,Eletrônicos,Brenda,24904.879999999997
Notebook,Eletrônicos,Breno,43398.01
Notebook,Eletrônicos,Bruna,26734.66
Notebook,Eletrônicos,Bruno,36444.619999999995
Notebook,Eletrônicos,Bryan,47601.52
Notebook,Eletrônicos,Bárbara,39125.54
Notebook,Eletrônicos,Caio,31720.29
Notebook,Eletrônicos,Caleb,32036.940000000002
Notebook,Eletrônicos,Calebe,13531.88
Notebook,Eletrônicos,Camila,34674.39
Notebook,Eletrônicos,Carlos Eduardo,77742.87999999999
Notebook,Eletrônicos,Carolina,45416.45
Notebook,Eletrônicos,Caroline,52462.64
Notebook,Eletrônicos,Catarina,42459.84
Notebook,Eletrônicos,Cauã,30760.78
Notebook,Eletrônicos,Cauê,43491.02
Notebook,Eletrônicos,Cecilia,24263.89
Notebook,Eletrônicos,Cecília,21037.15
Notebook,Eletrônicos,Clara,7253.3
Notebook,Eletrônicos,Clarice,38292.68
Notebook,Eletrônicos,Daniela,25160.629999999997
Notebook,Eletrônicos,Danilo,57510.130000000005
Notebook,Eletrônicos,Dante,10055.45
Notebook,Eletrônicos,Davi,31307.58
Notebook,Eletrônicos,Davi Lucas,36358.990000000005
Notebook,Eletrônicos,Davi Lucca,36239.99
Notebook,Eletrônicos,Davi Luiz,18538.309999999998
Notebook,Eletrônicos,Davi Miguel,27737.75
Notebook,Eletrônicos,Diego,27636.85
Notebook,Eletrônicos,Diogo,37771.18
Notebook,Eletrônicos,Dom,56370.71
Notebook,Eletrônicos,Eduarda,20684.31
Notebook,Eletrônicos,Eduardo,7331.56
Notebook,Eletrônicos,Elisa,17082.46
Notebook,Eletrônicos,Eloah,32940.45
Notebook,Eletrônicos,Emanuella,25464.629999999997
Notebook,Eletrônicos,Emilly,23513.15
Notebook,Eletrônicos,Enrico,3460.75
Notebook,Eletrônicos,Enzo,25950.969999999998
Notebook,Eletrônicos,Enzo Gabriel,45803.68
Notebook,Eletrônicos,Erick,3724.18
Notebook,Eletrônicos,Ester,33268.26
Notebook,Eletrônicos,Esther,33483.04
Notebook,Eletrônicos,Evelyn,52912.479999999996
Notebook,Eletrônicos,Felipe,28818.49
Notebook,Eletrônicos,Fernanda,20415.54
Notebook,Eletrônicos,Fernando,32199.62
Notebook,Eletrônicos,Francisco,23631.88
Notebook,Eletrônicos,Gabriela,29258.309999999998
Notebook,Eletrônicos,Gabrielly,10240.99
Notebook,Eletrônicos,Gael,23740.64
Notebook,Eletrônicos,Gael Henrique,7481.27
Notebook,Eletrônicos,Giovanna,35203.34
Notebook,Eletrônicos,Guilherme,14131.72
Notebook,Eletrônicos,Gustavo,14254.02
Notebook,Eletrônicos,Gustavo Henrique,21755.73
Notebook,Eletrônicos,Hadassa,23789.8
Notebook,Eletrônicos,Heitor,13703.68
Notebook,Eletrônicos,Helena,20208.940000000002
Notebook,Eletrônicos,Hellena,49736.88
Notebook,Eletrônicos,Heloisa,25362.68
Notebook,Eletrônicos,Heloísa,17081.33
Notebook,Eletrônicos,Henrique,41587.14
Notebook,Eletrônicos,Henry Gabriel,13421.64
Notebook,Eletrônicos,Ian,25455.76
Notebook,Eletrônicos,Igor,32975.66
Notebook,Eletrônicos,Isaac,16442.850000000002
Notebook,Eletrônicos,Isabel,32056.91
Notebook,Eletrônicos,Isabela,32166.550000000003
Notebook,Eletrônicos,Isabella,17997.28
Notebook,Eletrônicos,Isabelly,50510.11
Notebook,Eletrônicos,Isadora,20322.870000000003
Notebook,Eletrônicos,Isaque,34301.42
Notebook,Eletrônicos,Isis,10758.45
Notebook,Eletrônicos,Jade,3471.09
Notebook,Eletrônicos,Joana,36411.86
Notebook,Eletrônicos,Joaquim,26318.18
Notebook,Eletrônicos,Josué,29133.08
Notebook,Eletrônicos,José,65888.05
Notebook,Eletrônicos,José Miguel,42142.4
Notebook,Eletrônicos,José Pedro,11368.98
Notebook,Eletrônicos,João,52301.03
Notebook,Eletrônicos,João Felipe,50623.64
Notebook,Eletrônicos,João Gabriel,23995.93
Notebook,Eletrônicos,João Guilherme,39847.32
Notebook,Eletrônicos,João Lucas,34482.55
Notebook,Eletrônicos,João Pedro,20993.58
Notebook,Eletrônicos,João Vitor,23308.82
Notebook,Eletrônicos,Juan,21909.48
Notebook,Eletrônicos,Julia,32111.66
Notebook,Eletrônicos,Juliana,35123.04
Notebook,Eletrônicos,Júlia,18751.69
Notebook,Eletrônicos,Kaique,39137.66
Notebook,Eletrônicos,Kamilly,61047.36
Notebook,Eletrônicos,Kevin,43459.04
Notebook,Eletrônicos,Lara,38054.92
Notebook,Eletrônicos,Laura,14636.92
Notebook,Eletrônicos,Lavínia,10248.94
Notebook,Eletrônicos,Laís,10091.07
Notebook,Eletrônicos,Leandro,52238.909999999996
Notebook,Eletrônicos,Leonardo,34054.54
Notebook,Eletrônicos,Letícia,32246.61
Notebook,Eletrônicos,Levi,57641.31
Notebook,Eletrônicos,Liz,13959.68
Notebook,Eletrônicos,Lorena,21380.940000000002
Notebook,Eletrônicos,Lorenzo,36854.76
Notebook,Eletrônicos,Luan,44714.41
Notebook,Eletrônicos,Luana,31648.57
Notebook,Eletrônicos,Luara,37502.69
Notebook,Eletrônicos,Lucas,42627.369999999995
Notebook,Eletrônicos,Lucas Gabriel,10175.52
Notebook,Eletrônicos,Lucca,13668.54
Notebook,Eletrônicos,Luigi,3782.24
Notebook,Eletrônicos,Luiz Felipe,37878.490000000005
Notebook,Eletrônicos,Luiz Fernando,29953.19
Notebook,Eletrônicos,Luiz Gustavo,30298.81
Notebook,Eletrônicos,Luiz Miguel,24223.54
Notebook,Eletrônicos,Luiz Otávio,39434.29
Notebook,Eletrônicos,Luiza,33090.22
Notebook,Eletrônicos,Luna,7653.82
Notebook,Eletrônicos,Lunna,82168.42
Notebook,Eletrônicos,Luísa,32587.97
Notebook,Eletrônicos,Léo,46849.64
Notebook,Eletrônicos,Lívia,28693.68
Notebook,Eletrônicos,Maitê,51251.479999999996
Notebook,Eletrônicos,Manuela,28362.36
Notebook,Eletrônicos,Manuella,35352.899999999994
Notebook,Eletrônicos,Marcela,51135.729999999996
Notebook,Eletrônicos,Marcelo,28851.29
Notebook,Eletrônicos,Maria,39112.81
Notebook,Eletrônicos,Maria Alice,26231.74
Notebook,Eletrônicos,Maria Cecília,45865.7
Notebook,Eletrônicos,Maria Clara,57413.96000000001
Notebook,Eletrônicos,Maria Eduarda,23755.010000000002
Notebook,Eletrônicos,Maria Fernanda,37048.31
Notebook,Eletrônicos,Maria Flor,36566.01
Notebook,Eletrônicos,Maria Helena,50624.63
Notebook,Eletrônicos,Maria Isis,15059.58
Notebook,Eletrônicos,Maria Julia,3408.46
Notebook,Eletrônicos,Maria Júlia,31655.6
Notebook,Eletrônicos,Maria Laura,35108.59
Notebook,Eletrônicos,Maria Luiza,54175.44
Notebook,Eletrônicos,Maria Luísa,33038.880000000005
Notebook,Eletrônicos,Maria Sophia,17255.809999999998
Notebook,Eletrônicos,Maria Vitória,42869.01
Notebook,Eletrônicos,Mariah,23545.61
Notebook,Eletrônicos,Mariana,17705.63
Notebook,Eletrônicos,Marina,28842.39
Notebook,Eletrônicos,Mateus,54045.33
Notebook,Eletrônicos,Matheus,7087.290000000001
Notebook,Eletrônicos,Mathias,94005.52
Notebook,Eletrônicos,Matteo,29708.88
Notebook,Eletrônicos,Maya,27875.1
Notebook,Eletrônicos,Maysa,49576.26
Notebook,Eletrônicos,Melina,14605.8
Notebook,Eletrônicos,Melissa,38014.21
Notebook,Eletrônicos,Miguel,33346.1
Notebook,Eletrônicos,Milena,35940.63
Notebook,Eletrônicos,Mirella,26284.879999999997
Notebook,Eletrônicos,Murilo,41519.93
Notebook,Eletrônicos,Nathan,3390.85
Notebook,Eletrônicos,Natália,3512.83
Notebook,Eletrônicos,Nicolas,38571.75
Notebook,Eletrônicos,Nicole,56548.11
Notebook,Eletrônicos,Nina,50131.33
Notebook,Eletrônicos,Noah,34458.49
Notebook,Eletrônicos,Oliver,24274.27
Notebook,Eletrônicos,Olivia,26743.010000000002
Notebook,Eletrônicos,Olívia,14725.26
Notebook,Eletrônicos,Otto,39616.75
Notebook,Eletrônicos,Otávio,41336.6
Notebook,Eletrônicos,Paulo,41402.34
Notebook,Eletrônicos,Pedro,29635.61
Notebook,Eletrônicos,Pedro Henrique,35767.94
Notebook,Eletrônicos,Pedro Lucas,6770.34
Notebook,Eletrônicos,Pedro Miguel,18121.28
Notebook,Eletrônicos,Pietra,45367.5
Notebook,Eletrônicos,Pietro,25709.75
Notebook,Eletrônicos,Rael,38427.99
Notebook,Eletrônicos,Rafael,38542.840000000004
Notebook,Eletrônicos,Rafaela,63555.770000000004
Notebook,Eletrônicos,Raul,23400.850000000002
Notebook,Eletrônicos,Ravi,47590.75
Notebook,Eletrônicos,Ravi Lucca,16675.29
Notebook,Eletrônicos,Ravy,59971.46
Notebook,Eletrônicos,Rebeca,3478.47
Notebook,Eletrônicos,Renan,9830.99
Notebook,Eletrônicos,Rhavi,10535.7
Notebook,Eletrônicos,Rodrigo,37357.32
Notebook,Eletrônicos,Ryan,18371.7
Notebook,Eletrônicos,Sabrina,46705.130000000005
Notebook,Eletrônicos,Samuel,7048.96
Notebook,Eletrônicos,Sara,44667.74
Notebook,Eletrônicos,Sarah,19470.0
Notebook,Eletrônicos,Sofia,16708.28
Notebook,Eletrônicos,Sophia,7513.5
Notebook,Eletrônicos,Sophie,59378.270000000004
Notebook,Eletrônicos,Stella,14051.280000000002
Notebook,Eletrônicos,Thales,32455.99
Notebook,Eletrônicos,Theo,50202.95
Notebook,Eletrônicos,Theodoro,32007.809999999998
Notebook,Eletrônicos,Thiago,75622.33
Notebook,Eletrônicos,Thomas,21008.239999999998
Notebook,Eletrônicos,Valentim,9724.349999999999
Notebook,Eletrônicos,Valentina,38133.399999999994
Notebook,Eletrônicos,Vicente,33970.71
Notebook,Eletrônicos,Vinicius,34247.64
Notebook,Eletrônicos,Vinícius,6655.78
Notebook,Eletrônicos,Vitor,53081.32
Notebook,Eletrônicos,Vitor Gabriel,17991.65
Notebook,Eletrônicos,Vitor Hugo,55840.26
Notebook,Eletrônicos,Vitória,49563.26
Notebook,Eletrônicos,Yago,31927.1
Notebook,Eletrônicos,Yan,14719.86
Notebook,Eletrônicos,Yasmin,10273.619999999999
Notebook,Eletrônicos,Yuri,41065.490000000005
Notebook,Eletrônicos,Zoe,51824.94
Notebook,Eletrônicos,Ágatha,40361.479999999996
Notebook,Eletrônicos,Ísis,28784.64
Teclado,Eletrônicos,Agatha,469.5
Teclado,Eletrônicos,Alana,2615.75
Teclado,Eletrônicos,Alexandre,2516.88
Teclado,Eletrônicos,Alexia,808.21
Teclado,Eletrônicos,Alice,923.61
Teclado,Eletrônicos,Allana,1071.72
Teclado,Eletrônicos,Alícia,1222.71
Teclado,Eletrônicos,Amanda,1044.94
Teclado,Eletrônicos,Ana Beatriz,1984.5200000000002
Teclado,Eletrônicos,Ana Carolina,1166.04
Teclado,Eletrônicos,Ana Cecília,1366.19
Teclado,Eletrônicos,Ana Clara,628.6600000000001
Teclado,Eletrônicos,Ana Julia,1869.8000000000002
Teclado,Eletrônicos,Ana Júlia,1547.56
Teclado,Eletrônicos,Ana Laura,1695.9499999999998
Teclado,Eletrônicos,Ana Liz,749.94
Teclado,Eletrônicos,Ana Luiza,1510.3899999999999
Teclado,Eletrônicos,Ana Lívia,903.84
Teclado,Eletrônicos,Ana Sophia,2165.52
Teclado,Eletrônicos,Ana Vitória,765.23
Teclado,Eletrônicos,Anna Liz,1078.38
Teclado,Eletrônicos,Anthony,1381.39
Teclado,Eletrônicos,Anthony Gabriel,1629.63
Teclado,Eletrônicos,Antonella,1968.62
Teclado,Eletrônicos,Antony,973.44
Teclado,Eletrônicos,Antônio,1419.03
Teclado,Eletrônicos,Apollo,722.0799999999999
Teclado,Eletrônicos,Arthur,3358.2799999999997
Teclado,Eletrônicos,Arthur Miguel,2539.52
Teclado,Eletrônicos,Asafe,1548.26
Teclado,Eletrônicos,Augusto,580.0
Teclado,Eletrônicos,Aurora,1018.71
Teclado,Eletrônicos,Ayla,405.33000000000004
Teclado,Eletrônicos,Aylla,754.96
Teclado,Eletrônicos,Beatriz,699.01
Teclado,Eletrônicos,Bella,919.5
Teclado,Eletrônicos,Benicio,1207.56
Teclado,Eletrônicos,Benjamim,1526.16
Teclado,Eletrônicos,Benjamin,1468.68
Teclado,Eletrônicos,Bento,895.18
Teclado,Eletrônicos,Benício,1698.29
Teclado,Eletrônicos,Bianca,1027.09
Teclado,Eletrônicos,Brayan,2104.6800000000003
Teclado,Eletrônicos,Brenda,879.96
Teclado,Eletrônicos,Breno,902.53
Teclado,Eletrônicos,Bruna,1811.9099999999999
Teclado,Eletrônicos,Bruno,1531.65
Teclado,Eletrônicos,Bryan,1582.85
Teclado,Eletrônicos,Bárbara,3217.13
Teclado,Eletrônicos,Caio,136.52
Teclado,Eletrônicos,Caleb,1631.65
Teclado,Eletrônicos,Calebe,1952.1999999999998
Teclado,Eletrônicos,Camila,600.25
Teclado,Eletrônicos,Carlos Eduardo,963.44
Teclado,Eletrônicos,Carolina,421.14
Teclado,Eletrônicos,Caroline,720.54
Teclado,Eletrônicos,Catarina,1985.6200000000001
Teclado,Eletrônicos,Cauã,2450.21
Teclado,Eletrônicos,Cauê,1202.1200000000001
Teclado,Eletrônicos,Cecilia,3373.44
Teclado,Eletrônicos,Cecília,1623.6200000000001
Teclado,Eletrônicos,Clara,1490.26
Teclado,Eletrônicos,Clarice,2307.09
Teclado,Eletrônicos,Daniel,1564.6100000000001
Teclado,Eletrônicos,Danilo,609.8100000000001
Teclado,Eletrônicos,Dante,1777.74
Teclado,Eletrônicos,Davi,581.75
Teclado,Eletrônicos,Davi Lucas,1950.8999999999999
Teclado,Eletrônicos,Davi Lucca,915.51
Teclado,Eletrônicos,Davi Luiz,1341.3
Teclado,Eletrônicos,Davi Miguel,727.6700000000001
Teclado,Eletrônicos,Diego,434.22
Teclado,Eletrônicos,Diogo,989.99
Teclado,Eletrônicos,Dom,1311.18
Teclado,Eletrônicos,Eduarda,1508.97
Teclado,Eletrônicos,Eduardo,281.42
Teclado,Eletrônicos,Elisa,2266.69
Teclado,Eletrônicos,Eloah,1857.77
Teclado,Eletrônicos,Eloá,1215.21
Teclado,Eletrônicos,Emanuella,1944.35
Teclado,Eletrônicos,Emanuelly,1215.25
Teclado,Eletrônicos,Emilly,470.49
Teclado,Eletrônicos,Enrico,1596.58
Teclado,Eletrônicos,Enzo,1407.46
Teclado,Eletrônicos,Enzo Gabriel,1031.72
Teclado,Eletrônicos,Erick,1407.92
Teclado,Eletrônicos,Ester,1353.6
Teclado,Eletrônicos,Esther,2568.85
Teclado,Eletrônicos,Evelyn,2477.46
Teclado,Eletrônicos,Felipe,2043.02
Teclado,Eletrônicos,Fernanda,2162.54
Teclado,Eletrônicos,Fernando,434.37
Teclado,Eletrônicos,Francisco,1249.08
Teclado,Eletrônicos,Gabriel,2518.67
Teclado,Eletrônicos,Gabriela,1202.03
Teclado,Eletrônicos,Gabrielly,596.62
Teclado,Eletrônicos,Gael,1999.74
Teclado,Eletrônicos,Gael Henrique,1034.9099999999999
Teclado,Eletrônicos,Giovanna,633.04
Teclado,Eletrônicos,Guilherme,720.3
Teclado,Eletrônicos,Gustavo,1605.82
Teclado,Eletrônicos,Gustavo Henrique,630.8399999999999
Teclado,Eletrônicos,Hadassa,1799.08
Teclado,Eletrônicos,Heitor,618.9399999999999
Teclado,Eletrônicos,Helena,1034.4
Teclado,Eletrônicos,Hellena,762.5899999999999
Teclado,Eletrônicos,Heloisa,1083.56
Teclado,Eletrônicos,Heloísa,2302.15
Teclado,Eletrônicos,Henrique,577.68
Teclado,Eletrônicos,Henry,2223.9700000000003
Teclado,Eletrônicos,Henry Gabriel,870.48
Teclado,Eletrônicos,Ian,2743.3
Teclado,Eletrônicos,Igor,2809.45
Teclado,Eletrônicos,Isaac,783.65
Teclado,Eletrônicos,Isabel,1573.8500000000001
Teclado,Eletrônicos,Isabela,1428.06
Teclado,Eletrônicos,Isabella,2855.82
Teclado,Eletrônicos,Isabelly,602.34
Teclado,Eletrônicos,Isadora,1501.01
Teclado,Eletrônicos,Isaque,2760.57
Teclado,Eletrônicos,Isis,1334.02
Teclado,Eletrônicos,Joana,3306.33
Teclado,Eletrônicos,Joaquim,1608.92
Teclado,Eletrônicos,Josué,773.4
Teclado,Eletrônicos,José,1888.82
Teclado,Eletrônicos,José Miguel,638.6
Teclado,Eletrônicos,José Pedro,900.85
Teclado,Eletrônicos,João,2739.81
Teclado,Eletrônicos,João Felipe,1051.99
Teclado,Eletrônicos,João Gabriel,1780.72
Teclado,Eletrônicos,João Guilherme,450.45000000000005
Teclado,Eletrônicos,João Lucas,479.66999999999996
Teclado,Eletrônicos,João Miguel,1905.8200000000002
Teclado,Eletrônicos,João Pedro,1314.58
Teclado,Eletrônicos,João Vitor,2296.11
Teclado,Eletrônicos,Juan,2594.09
Teclado,Eletrônicos,Julia,1217.71
Teclado,Eletrônicos,Juliana,3312.7
Teclado,Eletrônicos,Júlia,425.88
Teclado,Eletrônicos,Kaique,611.16
Teclado,Eletrônicos,Kamilly,2220.56
Teclado,Eletrônicos,Kevin,1362.67
Teclado,Eletrônicos,Lara,1942.93
Teclado,Eletrônicos,Larissa,309.32
Teclado,Eletrônicos,Laura,597.28
Teclado,Eletrônicos,Lavínia,1617.9
Teclado,Eletrônicos,Laís,577.83
Teclado,Eletrônicos,Leandro,297.71000000000004
Teclado,Eletrônicos,Leonardo,2570.13
Teclado,Eletrônicos,Letícia,469.14
Teclado,Eletrônicos,Levi,609.85
Teclado,Eletrônicos,Liam,1819.54
Teclado,Eletrônicos,Liz,1715.12
Teclado,Eletrônicos,Lorena,602.9
Teclado,Eletrônicos,Lorenzo,1383.09
Teclado,Eletrônicos,Luan,2697.81
Teclado,Eletrônicos,Luana,1056.8600000000001
Teclado,Eletrônicos,Luara,1658.0
Teclado,Eletrônicos,Lucas,2560.3599999999997
Teclado,Eletrônicos,Lucas Gabriel,1459.22
Teclado,Eletrônicos,Lucca,974.78
Teclado,Eletrônicos,Luigi,3178.36
Teclado,Eletrônicos,Luiz Felipe,1125.48
Teclado,Eletrônicos,Luiz Fernando,1721.48
Teclado,Eletrônicos,Luiz Gustavo,1940.61
Teclado,Eletrônicos,Luiz Henrique,2242.01
Teclado,Eletrônicos,Luiz Miguel,428.36
Teclado,Eletrônicos,Luiz Otávio,1462.68
Teclado,Eletrônicos,Luiza,472.16999999999996
Teclado,Eletrônicos,Luna,2529.0
Teclado,Eletrônicos,Lunna,1663.5900000000001
Teclado,Eletrônicos,Luísa,140.79
Teclado,Eletrônicos,Léo,962.55
Teclado,Eletrônicos,Lívia,2411.4
Teclado,Eletrônicos,Maitê,2734.99
Teclado,Eletrônicos,Manuela,1396.1999999999998
Teclado,Eletrônicos,Manuella,468.84
Teclado,Eletrônicos,Marcela,1651.49
Teclado,Eletrônicos,Marcelo,462.02
Teclado,Eletrônicos,Marcos Vinicius,584.04
Teclado,Eletrônicos,Maria,753.3499999999999
Teclado,Eletrônicos,Maria Alice,1015.72
Teclado,Eletrônicos,Maria Clara,891.44
Teclado,Eletrônicos,Maria Eduarda,1922.53
Teclado,Eletrônicos,Maria Fernanda,479.25
Teclado,Eletrônicos,Maria Flor,1088.03
Teclado,Eletrônicos,Maria Helena,1271.94
Teclado,Eletrônicos,Maria Isis,1834.3999999999999
Teclado,Eletrônicos,Maria Julia,885.75
Teclado,Eletrônicos,Maria Júlia,443.09000000000003
Teclado,Eletrônicos,Maria Laura,1185.08
Teclado,Eletrônicos,Maria Liz,4303.98
Teclado,Eletrônicos,Maria Luiza,1600.28
Teclado,Eletrônicos,Maria Luísa,296.34
Teclado,Eletrônicos,Maria Sophia,916.8
Teclado,Eletrônicos,Maria Vitória,433.38
Teclado,Eletrônicos,Mariah,412.65000000000003
Teclado,Eletrônicos,Mariane,2724.85
Teclado,Eletrônicos,Marina,1209.65
Teclado,Eletrônicos,Mateus,709.11
Teclado,Eletrônicos,Matheus,2155.89
Teclado,Eletrônicos,Mathias,1302.15
Teclado,Eletrônicos,Matteo,601.45
Teclado,Eletrônicos,Maya,1036.95
Teclado,Eletrônicos,Maysa,312.24
Teclado,Eletrônicos,Melina,2063.99
Teclado,Eletrônicos,Melissa,2649.08
Teclado,Eletrônicos,Miguel,1206.8000000000002
Teclado,Eletrônicos,Milena,732.06
Teclado,Eletrônicos,Mirella,1831.6499999999999
Teclado,Eletrônicos,Murilo,1430.7
Teclado,Eletrônicos,Nathan,137.63
Teclado,Eletrônicos,Natália,941.61
Teclado,Eletrônicos,Nicolas,2668.9700000000003
Teclado,Eletrônicos,Nicole,2340.09
Teclado,Eletrônicos,Nina,1548.13
Teclado,Eletrônicos,Noah,3216.44
Teclado,Eletrônicos,Oliver,601.51
Teclado,Eletrônicos,Olivia,872.24
Teclado,Eletrônicos,Olívia,1158.51
Teclado,Eletrônicos,Otto,881.74
Teclado,Eletrônicos,Otávio,1604.29
Teclado,Eletrônicos,Paulo,1121.33
Teclado,Eletrônicos,Pedro,617.51
Teclado,Eletrônicos,Pedro Henrique,1516.01
Teclado,Eletrônicos,Pedro Miguel,2865.7200000000003
Teclado,Eletrônicos,Pietra,856.85
Teclado,Eletrônicos,Pietro,765.11
Teclado,Eletrônicos,Rael,629.08
Teclado,Eletrônicos,Rafael,2644.2
Teclado,Eletrônicos,Rafaela,2041.7
Teclado,Eletrônicos,Raquel,567.32
Teclado,Eletrônicos,Raul,1310.16
Teclado,Eletrônicos,Ravi,1462.66
Teclado,Eletrônicos,Ravi Lucca,2320.18
Teclado,Eletrônicos,Ravy,432.21
Teclado,Eletrônicos,Rebeca,1516.83
Teclado,Eletrônicos,Renan,1284.8700000000001
Teclado,Eletrônicos,Rhavi,1213.73
Teclado,Eletrônicos,Rodrigo,1403.64
Teclado,Eletrônicos,Ryan,1311.6299999999999
Teclado,Eletrônicos,Sabrina,1767.62
Teclado,Eletrônicos,Samuel,1539.07
Teclado,Eletrônicos,Sara,604.6
Teclado,Eletrônicos,Sarah,1620.1599999999999
Teclado,Eletrônicos,Sofia,2545.04
Teclado,Eletrônicos,Sophia,1548.02
Teclado,Eletrônicos,Sophie,2459.71
Teclado,Eletrônicos,Stella,2030.39
Teclado,Eletrônicos,Stephany,1628.22
Teclado,Eletrônicos,Thales,2022.21
Teclado,Eletrônicos,Theo,1659.6
Teclado,Eletrônicos,Theodoro,1541.7
Teclado,Eletrônicos,Thiago,1010.4499999999999
Teclado,Eletrônicos,Thomas,1285.08
Teclado,Eletrônicos,Théo,161.02
Teclado,Eletrônicos,Valentim,2382.89
Teclado,Eletrônicos,Valentina,1638.7
Teclado,Eletrônicos,Vicente,2239.19
Teclado,Eletrônicos,Vinicius,1203.28
Teclado,Eletrônicos,Vitor,2541.86
Teclado,Eletrônicos,Vitor Gabriel,881.52
Teclado,Eletrônicos,Vitor Hugo,2029.61
Teclado,Eletrônicos,Vitória,2604.66
Teclado,Eletrônicos,Yago,1984.58
Teclado,Eletrônicos,Yan,1478.49
Teclado,Eletrônicos,Yasmin,1363.6100000000001
Teclado,Eletrônicos,Yuri,147.05
Teclado,Eletrônicos,Zoe,591.26
Teclado,Eletrônicos,Ágatha,2049.08
Teclado,Eletrônicos,Ísis,1244.58
